customer_id,first_name,last_name,email,city,signup_date
1,Napat,Srisuk,napat.srisuk1@example.com,Bangkok,2025-04-08
2,Pim,Meesuk,pim.meesuk2@example.com,Samut Prakan,2024-10-13
3,Sarawut,Chaiyo,sarawut.chaiyo3@example.com,Bangkok,2025-09-06
4,Anan,Wongsawat,anan.wongsawat4@example.com,Nonthaburi,2025-02-24
5,Somchai,Jaidee,somchai.jaidee5@example.com,Samut Prakan,2025-01-20
6,Sarawut,Saetang,sarawut.saetang6@example.com,Bangkok,2025-02-11
7,Suda,Charoen,suda.charoen7@example.com,Pathum Thani,2024-07-07
8,Krit,Meesuk,krit.meesuk8@example.com,Bangkok,2025-09-06
9,Pim,Wongsawat,pim.wongsawat9@example.com,Bangkok,2025-06-10
10,Nida,Chaiyo,nida.chaiyo10@example.com,Pathum Thani,2025-07-03
11,Thira,Kaewmanee,thira.kaewmanee11@example.com,Samut Prakan,2024-08-14
12,Sarawut,Chaiyo,sarawut.chaiyo12@example.com,Bangkok,2025-07-23
13,Wichai,Pattana,wichai.pattana13@example.com,Nonthaburi,2025-07-06
14,Anan,Srisuk,anan.srisuk14@example.com,Pathum Thani,2025-02-19
15,Anan,Pattana,anan.pattana15@example.com,Chiang Mai,2025-02-24
16,Nida,Kaewmanee,nida.kaewmanee16@example.com,Nonthaburi,2025-10-08
17,Chai,Boonmee,chai.boonmee17@example.com,Bangkok,2025-07-15
18,Suda,Meesuk,suda.meesuk18@example.com,Nonthaburi,2024-09-12
19,Krit,Jaidee,krit.jaidee19@example.com,Bangkok,2025-03-08
20,Nida,Kaewmanee,nida.kaewmanee20@example.com,Samut Prakan,2025-02-10
21,Malee,Wongsawat,malee.wongsawat21@example.com,Pathum Thani,2024-08-02
22,Nida,Kaewmanee,nida.kaewmanee22@example.com,Bangkok,2024-09-06
23,Lalita,Intarasak,lalita.intarasak23@example.com,Bangkok,2025-05-19
24,Piti,Saetang,piti.saetang24@example.com,Bangkok,2025-10-13
25,Pim,Wongsawat,pim.wongsawat25@example.com,Samut Prakan,2025-03-27
26,Arun,Intarasak,arun.intarasak26@example.com,Bangkok,2025-08-13
27,Pim,Jaidee,pim.jaidee27@example.com,Bangkok,2025-11-18
28,Malee,Pattana,malee.pattana28@example.com,Bangkok,2024-10-21
29,Krit,Charoen,krit.charoen29@example.com,Nonthaburi,2025-09-06
30,Nida,Saetang,nida.saetang30@example.com,Nonthaburi,2025-10-23
31,Sarawut,Pattana,sarawut.pattana31@example.com,Samut Prakan,2024-07-12
32,Napat,Sukjai,napat.sukjai32@example.com,Pathum Thani,2025-03-31
33,Mali,Chaiyo,mali.chaiyo33@example.com,Bangkok,2025-04-27
34,Kanya,Srisuk,kanya.srisuk34@example.com,Khon Kaen,2025-03-27
35,Krit,Jaidee,krit.jaidee35@example.com,Chiang Mai,2024-10-17
36,Wichai,Pattana,wichai.pattana36@example.com,Bangkok,2025-01-20
37,Krit,Jaidee,krit.jaidee37@example.com,Nonthaburi,2024-07-01
38,Piti,Srisuk,piti.srisuk38@example.com,Chiang Mai,2024-10-23
39,Wichai,Wongsawat,wichai.wongsawat39@example.com,Bangkok,2024-08-29
40,Lalita,Chaiyo,lalita.chaiyo40@example.com,Samut Prakan,2024-09-26
41,Anan,Charoen,anan.charoen41@example.com,Bangkok,2024-11-06
42,Piti,Jaidee,piti.jaidee42@example.com,Bangkok,2024-12-17
43,Thira,Saetang,thira.saetang43@example.com,Chiang Mai,2025-02-02
44,Ploy,Meesuk,ploy.meesuk44@example.com,Bangkok,2025-05-16
45,Chai,Rattanakul,chai.rattanakul45@example.com,Bangkok,2025-10-06
46,Tanawat,Chaiyo,tanawat.chaiyo46@example.com,Bangkok,2025-06-12
47,Sarawut,Wongsawat,sarawut.wongsawat47@example.com,Bangkok,2025-02-11
48,Malee,Wongsawat,malee.wongsawat48@example.com,Chiang Mai,2024-09-08
49,Mali,Chaiyo,mali.chaiyo49@example.com,Bangkok,2025-03-01
50,Piti,Wongsawat,piti.wongsawat50@example.com,Samut Prakan,2024-11-13
51,Lalita,Phromma,lalita.phromma51@example.com,Bangkok,2025-10-28
52,Piti,Charoen,piti.charoen52@example.com,Bangkok,2025-08-21
53,Napat,Sukjai,napat.sukjai53@example.com,Bangkok,2025-09-15
54,Arun,Rattanakul,arun.rattanakul54@example.com,Samut Prakan,2024-08-25
55,Napat,Srisuk,napat.srisuk55@example.com,Samut Prakan,2025-08-17
56,Napat,Wongsawat,napat.wongsawat56@example.com,Bangkok,2025-01-13
57,Kanya,Boonmee,kanya.boonmee57@example.com,Bangkok,2025-09-06
58,Kanya,Wongsawat,kanya.wongsawat58@example.com,Bangkok,2024-09-16
59,Sarawut,Chaiyo,sarawut.chaiyo59@example.com,Samut Prakan,2024-08-21
60,Sarawut,Pattana,sarawut.pattana60@example.com,Khon Kaen,2024-07-16
61,Tanawat,Boonmee,tanawat.boonmee61@example.com,Bangkok,2025-08-21
62,Ploy,Pattana,ploy.pattana62@example.com,Chiang Mai,2025-08-15
63,Krit,Saetang,krit.saetang63@example.com,Khon Kaen,2024-07-03
64,Suda,Intarasak,suda.intarasak64@example.com,Bangkok,2025-10-09
65,Sarawut,Sukjai,sarawut.sukjai65@example.com,Bangkok,2025-11-11
66,Wichai,Wongsawat,wichai.wongsawat66@example.com,Nonthaburi,2024-08-29
67,Sarawut,Srisuk,sarawut.srisuk67@example.com,Bangkok,2025-05-18
68,Lalita,Rattanakul,lalita.rattanakul68@example.com,Chiang Mai,2025-11-27
69,Rattana,Boonmee,rattana.boonmee69@example.com,Khon Kaen,2024-08-28
70,Anan,Pattana,anan.pattana70@example.com,Bangkok,2025-01-07
71,Anan,Sukjai,anan.sukjai71@example.com,Bangkok,2025-02-26
72,Lalita,Wongsawat,lalita.wongsawat72@example.com,Nonthaburi,2024-08-10
73,Arun,Sukjai,arun.sukjai73@example.com,Khon Kaen,2025-05-20
74,Ploy,Sukjai,ploy.sukjai74@example.com,Bangkok,2025-05-18
75,Nida,Boonmee,nida.boonmee75@example.com,Bangkok,2025-05-04
76,Anan,Srisuk,anan.srisuk76@example.com,Nonthaburi,2025-10-13
77,Lalita,Chaiyo,lalita.chaiyo77@example.com,Nonthaburi,2024-09-14
78,Rattana,Kaewmanee,rattana.kaewmanee78@example.com,Khon Kaen,2024-11-13
79,Anan,Intarasak,anan.intarasak79@example.com,Bangkok,2025-03-08
80,Krit,Rattanakul,krit.rattanakul80@example.com,Nonthaburi,2025-05-06
81,Rattana,Srisuk,rattana.srisuk81@example.com,Khon Kaen,2025-05-03
82,Napat,Intarasak,napat.intarasak82@example.com,Bangkok,2024-11-15
83,Napat,Meesuk,napat.meesuk83@example.com,Bangkok,2024-12-07
84,Thira,Wongsawat,thira.wongsawat84@example.com,Bangkok,2025-06-17
85,Suda,Jaidee,suda.jaidee85@example.com,Bangkok,2025-11-13
86,Malee,Chaiyo,malee.chaiyo86@example.com,Pathum Thani,2025-09-07
87,Malee,Srisuk,malee.srisuk87@example.com,Pathum Thani,2025-06-07
88,Suda,Boonmee,suda.boonmee88@example.com,Nonthaburi,2025-09-26
89,Arun,Jaidee,arun.jaidee89@example.com,Bangkok,2024-07-10
90,Pim,Jaidee,pim.jaidee90@example.com,Pathum Thani,2024-08-06
91,Lalita,Jaidee,lalita.jaidee91@example.com,Bangkok,2024-11-29
92,Malee,Kaewmanee,malee.kaewmanee92@example.com,Chiang Mai,2025-07-09
93,Malee,Intarasak,malee.intarasak93@example.com,Bangkok,2025-07-02
94,Tanawat,Sukjai,tanawat.sukjai94@example.com,Bangkok,2024-10-14
95,Sarawut,Intarasak,sarawut.intarasak95@example.com,Khon Kaen,2025-08-21
96,Pim,Intarasak,pim.intarasak96@example.com,Chiang Mai,2025-02-28
97,Krit,Intarasak,krit.intarasak97@example.com,Bangkok,2025-08-27
98,Mali,Charoen,mali.charoen98@example.com,Pathum Thani,2025-08-26
99,Tanawat,Kaewmanee,tanawat.kaewmanee99@example.com,Pathum Thani,2024-12-11
100,Napat,Saetang,napat.saetang100@example.com,Chiang Mai,2024-08-09
101,Tanawat,Wongsawat,tanawat.wongsawat101@example.com,Bangkok,2025-10-15
102,Tanawat,Wongsawat,tanawat.wongsawat102@example.com,Samut Prakan,2024-07-25
103,Nida,Thongdee,nida.thongdee103@example.com,Chiang Mai,2025-04-12
104,Suda,Thongdee,suda.thongdee104@example.com,Samut Prakan,2025-08-14
105,Sarawut,Thongdee,sarawut.thongdee105@example.com,Bangkok,2024-07-29
106,Suda,Boonmee,suda.boonmee106@example.com,Bangkok,2025-03-29
107,Thira,Saetang,thira.saetang107@example.com,Samut Prakan,2025-06-19
108,Mali,Saetang,mali.saetang108@example.com,Bangkok,2024-10-27
109,Lalita,Wongsawat,lalita.wongsawat109@example.com,Bangkok,2025-03-18
110,Arun,Srisuk,arun.srisuk110@example.com,Bangkok,2025-01-18
111,Anan,Sukjai,anan.sukjai111@example.com,Nonthaburi,2025-06-04
112,Napat,Meesuk,napat.meesuk112@example.com,Nonthaburi,2025-05-04
113,Arun,Thongdee,arun.thongdee113@example.com,Samut Prakan,2025-08-17
114,Sarawut,Boonmee,sarawut.boonmee114@example.com,Bangkok,2025-01-13
115,Nida,Sukjai,nida.sukjai115@example.com,Nonthaburi,2024-12-26
116,Wichai,Saetang,wichai.saetang116@example.com,Bangkok,2024-07-01
117,Ploy,Saetang,ploy.saetang117@example.com,Bangkok,2025-05-26
118,Kanya,Sukjai,kanya.sukjai118@example.com,Nonthaburi,2025-02-04
119,Krit,Sukjai,krit.sukjai119@example.com,Bangkok,2024-09-25
120,Thira,Thongdee,thira.thongdee120@example.com,Pathum Thani,2024-10-04
121,Tanawat,Sukjai,tanawat.sukjai121@example.com,Bangkok,2025-05-14
122,Ploy,Boonmee,ploy.boonmee122@example.com,Bangkok,2024-07-26
123,Piti,Phromma,piti.phromma123@example.com,Bangkok,2024-09-13
124,Lalita,Wongsawat,lalita.wongsawat124@example.com,Bangkok,2025-07-29
125,Tanawat,Boonmee,tanawat.boonmee125@example.com,Chiang Mai,2024-07-06
126,Napat,Charoen,napat.charoen126@example.com,Bangkok,2025-09-09
127,Rattana,Rattanakul,rattana.rattanakul127@example.com,Nonthaburi,2024-08-21
128,Napat,Rattanakul,napat.rattanakul128@example.com,Pathum Thani,2024-11-14
129,Rattana,Jaidee,rattana.jaidee129@example.com,Khon Kaen,2025-05-21
130,Kanya,Phromma,kanya.phromma130@example.com,Bangkok,2025-11-29
131,Sarawut,Rattanakul,sarawut.rattanakul131@example.com,Samut Prakan,2024-12-10
132,Piti,Rattanakul,piti.rattanakul132@example.com,Pathum Thani,2025-03-23
133,Suda,Charoen,suda.charoen133@example.com,Nonthaburi,2025-11-09
134,Suda,Rattanakul,suda.rattanakul134@example.com,Samut Prakan,2024-09-18
135,Tanawat,Kaewmanee,tanawat.kaewmanee135@example.com,Bangkok,2025-06-09
136,Sarawut,Chaiyo,sarawut.chaiyo136@example.com,Bangkok,2024-11-19
137,Nida,Meesuk,nida.meesuk137@example.com,Samut Prakan,2024-12-04
138,Anan,Saetang,anan.saetang138@example.com,Bangkok,2025-08-22
139,Kanya,Saetang,kanya.saetang139@example.com,Bangkok,2024-09-02
140,Arun,Saetang,arun.saetang140@example.com,Chiang Mai,2024-07-21
141,Lalita,Saetang,lalita.saetang141@example.com,Bangkok,2025-11-01
142,Chai,Kaewmanee,chai.kaewmanee142@example.com,Chiang Mai,2025-08-04
143,Arun,Jaidee,arun.jaidee143@example.com,Bangkok,2025-02-11
144,Suda,Saetang,suda.saetang144@example.com,Bangkok,2025-11-10
145,Mali,Sukjai,mali.sukjai145@example.com,Samut Prakan,2025-08-19
146,Kanya,Intarasak,kanya.intarasak146@example.com,Khon Kaen,2024-11-08
147,Sarawut,Srisuk,sarawut.srisuk147@example.com,Nonthaburi,2025-08-08
148,Somchai,Chaiyo,somchai.chaiyo148@example.com,Bangkok,2025-09-12
149,Kanya,Boonmee,kanya.boonmee149@example.com,Bangkok,2024-08-21
150,Mali,Wongsawat,mali.wongsawat150@example.com,Bangkok,2025-10-09
151,Nida,Kaewmanee,nida.kaewmanee151@example.com,Bangkok,2025-09-05
152,Anan,Rattanakul,anan.rattanakul152@example.com,Samut Prakan,2024-07-20
153,Malee,Thongdee,malee.thongdee153@example.com,Samut Prakan,2025-02-15
154,Malee,Charoen,malee.charoen154@example.com,Khon Kaen,2024-08-01
155,Ploy,Pattana,ploy.pattana155@example.com,Nonthaburi,2024-07-21
156,Tanawat,Boonmee,tanawat.boonmee156@example.com,Samut Prakan,2025-10-28
157,Lalita,Wongsawat,lalita.wongsawat157@example.com,Samut Prakan,2025-10-20
158,Chai,Boonmee,chai.boonmee158@example.com,Pathum Thani,2024-10-26
159,Krit,Kaewmanee,krit.kaewmanee159@example.com,Nonthaburi,2024-10-19
160,Wichai,Phromma,wichai.phromma160@example.com,Bangkok,2025-07-20
161,Ploy,Chaiyo,ploy.chaiyo161@example.com,Bangkok,2025-03-06
162,Wichai,Pattana,wichai.pattana162@example.com,Pathum Thani,2024-11-01
163,Lalita,Charoen,lalita.charoen163@example.com,Bangkok,2024-08-12
164,Arun,Sukjai,arun.sukjai164@example.com,Bangkok,2025-07-15
165,Mali,Srisuk,mali.srisuk165@example.com,Pathum Thani,2025-09-04
166,Napat,Saetang,napat.saetang166@example.com,Nonthaburi,2025-07-06
167,Kanya,Meesuk,kanya.meesuk167@example.com,Bangkok,2024-12-04
168,Rattana,Sukjai,rattana.sukjai168@example.com,Nonthaburi,2025-04-03
169,Sarawut,Charoen,sarawut.charoen169@example.com,Bangkok,2025-11-08
170,Lalita,Kaewmanee,lalita.kaewmanee170@example.com,Chiang Mai,2025-05-27
171,Anan,Kaewmanee,anan.kaewmanee171@example.com,Bangkok,2025-10-05
172,Kanya,Phromma,kanya.phromma172@example.com,Bangkok,2025-07-24
173,Piti,Pattana,piti.pattana173@example.com,Bangkok,2025-05-29
174,Ploy,Thongdee,ploy.thongdee174@example.com,Bangkok,2025-03-22
175,Thira,Meesuk,thira.meesuk175@example.com,Nonthaburi,2025-04-09
176,Rattana,Wongsawat,rattana.wongsawat176@example.com,Bangkok,2024-09-26
177,Arun,Rattanakul,arun.rattanakul177@example.com,Samut Prakan,2025-03-04
178,Piti,Rattanakul,piti.rattanakul178@example.com,Bangkok,2024-07-18
179,Tanawat,Saetang,tanawat.saetang179@example.com,Bangkok,2025-03-07
180,Lalita,Thongdee,lalita.thongdee180@example.com,Nonthaburi,2025-10-28
181,Chai,Saetang,chai.saetang181@example.com,Bangkok,2025-06-04
182,Kanya,Kaewmanee,kanya.kaewmanee182@example.com,Bangkok,2025-05-10
183,Napat,Meesuk,napat.meesuk183@example.com,Bangkok,2025-01-14
184,Sarawut,Charoen,sarawut.charoen184@example.com,Bangkok,2025-01-06
185,Piti,Kaewmanee,piti.kaewmanee185@example.com,Khon Kaen,2025-04-16
186,Ploy,Kaewmanee,ploy.kaewmanee186@example.com,Bangkok,2025-02-18
187,Wichai,Srisuk,wichai.srisuk187@example.com,Bangkok,2024-11-07
188,Malee,Jaidee,malee.jaidee188@example.com,Samut Prakan,2025-04-26
189,Pim,Sukjai,pim.sukjai189@example.com,Bangkok,2025-11-15
190,Somchai,Phromma,somchai.phromma190@example.com,Bangkok,2025-04-18
191,Kanya,Thongdee,kanya.thongdee191@example.com,Khon Kaen,2025-01-05
192,Suda,Pattana,suda.pattana192@example.com,Bangkok,2025-11-02
193,Anan,Saetang,anan.saetang193@example.com,Bangkok,2025-11-16
194,Malee,Boonmee,malee.boonmee194@example.com,Pathum Thani,2024-11-30
195,Wichai,Chaiyo,wichai.chaiyo195@example.com,Bangkok,2025-03-12
196,Arun,Phromma,arun.phromma196@example.com,Pathum Thani,2025-02-17
197,Nida,Rattanakul,nida.rattanakul197@example.com,Bangkok,2025-09-27
198,Lalita,Saetang,lalita.saetang198@example.com,Nonthaburi,2025-05-09
199,Malee,Phromma,malee.phromma199@example.com,Khon Kaen,2024-10-10
200,Ploy,Sukjai,ploy.sukjai200@example.com,Bangkok,2025-02-02
201,Anan,Boonmee,anan.boonmee201@example.com,Bangkok,2025-03-03
202,Anan,Boonmee,anan.boonmee202@example.com,Bangkok,2024-07-03
203,Thira,Rattanakul,thira.rattanakul203@example.com,Bangkok,2025-04-25
204,Wichai,Meesuk,wichai.meesuk204@example.com,Samut Prakan,2025-04-16
205,Kanya,Chaiyo,kanya.chaiyo205@example.com,Chiang Mai,2025-02-25
206,Lalita,Sukjai,lalita.sukjai206@example.com,Bangkok,2025-01-19
207,Sarawut,Wongsawat,sarawut.wongsawat207@example.com,Chiang Mai,2024-11-30
208,Pim,Chaiyo,pim.chaiyo208@example.com,Bangkok,2024-08-31
209,Wichai,Phromma,wichai.phromma209@example.com,Bangkok,2025-04-22
210,Kanya,Meesuk,kanya.meesuk210@example.com,Samut Prakan,2025-05-08
211,Suda,Jaidee,suda.jaidee211@example.com,Bangkok,2025-11-18
212,Thira,Srisuk,thira.srisuk212@example.com,Samut Prakan,2025-09-16
213,Thira,Kaewmanee,thira.kaewmanee213@example.com,Bangkok,2024-07-27
214,Lalita,Phromma,lalita.phromma214@example.com,Khon Kaen,2024-07-22
215,Suda,Phromma,suda.phromma215@example.com,Pathum Thani,2024-08-11
216,Krit,Rattanakul,krit.rattanakul216@example.com,Chiang Mai,2025-09-26
217,Krit,Phromma,krit.phromma217@example.com,Nonthaburi,2025-09-20
218,Piti,Chaiyo,piti.chaiyo218@example.com,Bangkok,2025-10-25
219,Mali,Thongdee,mali.thongdee219@example.com,Chiang Mai,2024-10-16
220,Mali,Saetang,mali.saetang220@example.com,Bangkok,2025-11-20
221,Nida,Pattana,nida.pattana221@example.com,Bangkok,2024-08-07
222,Mali,Kaewmanee,mali.kaewmanee222@example.com,Bangkok,2025-05-28
223,Nida,Pattana,nida.pattana223@example.com,Samut Prakan,2024-07-02
224,Sarawut,Rattanakul,sarawut.rattanakul224@example.com,Bangkok,2025-08-28
225,Rattana,Thongdee,rattana.thongdee225@example.com,Nonthaburi,2025-11-23
226,Malee,Wongsawat,malee.wongsawat226@example.com,Nonthaburi,2025-03-31
227,Wichai,Rattanakul,wichai.rattanakul227@example.com,Bangkok,2025-11-09
228,Thira,Charoen,thira.charoen228@example.com,Samut Prakan,2025-03-03
229,Wichai,Jaidee,wichai.jaidee229@example.com,Nonthaburi,2024-07-15
230,Anan,Wongsawat,anan.wongsawat230@example.com,Bangkok,2024-10-25
231,Napat,Sukjai,napat.sukjai231@example.com,Bangkok,2024-12-05
232,Wichai,Jaidee,wichai.jaidee232@example.com,Bangkok,2025-04-06
233,Piti,Rattanakul,piti.rattanakul233@example.com,Bangkok,2025-03-07
234,Pim,Saetang,pim.saetang234@example.com,Chiang Mai,2025-01-12
235,Rattana,Meesuk,rattana.meesuk235@example.com,Chiang Mai,2024-11-17
236,Suda,Charoen,suda.charoen236@example.com,Bangkok,2025-08-29
237,Rattana,Kaewmanee,rattana.kaewmanee237@example.com,Bangkok,2024-07-03
238,Wichai,Pattana,wichai.pattana238@example.com,Chiang Mai,2025-11-14
239,Kanya,Jaidee,kanya.jaidee239@example.com,Bangkok,2025-11-08
240,Sarawut,Charoen,sarawut.charoen240@example.com,Bangkok,2025-07-22
241,Mali,Pattana,mali.pattana241@example.com,Khon Kaen,2025-01-10
242,Tanawat,Phromma,tanawat.phromma242@example.com,Bangkok,2025-07-28
243,Arun,Srisuk,arun.srisuk243@example.com,Samut Prakan,2025-05-22
244,Nida,Saetang,nida.saetang244@example.com,Bangkok,2024-12-03
245,Malee,Boonmee,malee.boonmee245@example.com,Khon Kaen,2025-11-27
246,Mali,Pattana,mali.pattana246@example.com,Chiang Mai,2024-10-11
247,Kanya,Chaiyo,kanya.chaiyo247@example.com,Bangkok,2025-10-11
248,Pim,Saetang,pim.saetang248@example.com,Bangkok,2024-12-06
249,Suda,Thongdee,suda.thongdee249@example.com,Nonthaburi,2025-08-12
250,Mali,Pattana,mali.pattana250@example.com,Khon Kaen,2025-07-25
251,Piti,Pattana,piti.pattana251@example.com,Nonthaburi,2024-08-06
252,Tanawat,Sukjai,tanawat.sukjai252@example.com,Khon Kaen,2025-04-21
253,Anan,Saetang,anan.saetang253@example.com,Pathum Thani,2024-10-09
254,Napat,Rattanakul,napat.rattanakul254@example.com,Samut Prakan,2024-12-18
255,Somchai,Srisuk,somchai.srisuk255@example.com,Pathum Thani,2025-05-29
256,Wichai,Thongdee,wichai.thongdee256@example.com,Bangkok,2025-07-19
257,Tanawat,Jaidee,tanawat.jaidee257@example.com,Nonthaburi,2025-08-26
258,Krit,Boonmee,krit.boonmee258@example.com,Bangkok,2024-12-27
259,Nida,Phromma,nida.phromma259@example.com,Bangkok,2025-03-04
260,Lalita,Boonmee,lalita.boonmee260@example.com,Bangkok,2025-02-23
261,Suda,Rattanakul,suda.rattanakul261@example.com,Samut Prakan,2025-03-19
262,Kanya,Intarasak,kanya.intarasak262@example.com,Samut Prakan,2025-04-21
263,Krit,Chaiyo,krit.chaiyo263@example.com,Khon Kaen,2025-09-26
264,Lalita,Kaewmanee,lalita.kaewmanee264@example.com,Samut Prakan,2025-09-08
265,Kanya,Pattana,kanya.pattana265@example.com,Bangkok,2025-05-06
266,Nida,Pattana,nida.pattana266@example.com,Bangkok,2025-11-07
267,Nida,Phromma,nida.phromma267@example.com,Nonthaburi,2025-07-03
268,Wichai,Srisuk,wichai.srisuk268@example.com,Bangkok,2025-08-10
269,Lalita,Pattana,lalita.pattana269@example.com,Chiang Mai,2024-08-20
270,Piti,Pattana,piti.pattana270@example.com,Pathum Thani,2025-04-20
271,Tanawat,Phromma,tanawat.phromma271@example.com,Bangkok,2025-06-26
272,Ploy,Phromma,ploy.phromma272@example.com,Samut Prakan,2025-03-14
273,Pim,Sukjai,pim.sukjai273@example.com,Chiang Mai,2024-10-08
274,Malee,Kaewmanee,malee.kaewmanee274@example.com,Bangkok,2025-09-25
275,Chai,Meesuk,chai.meesuk275@example.com,Bangkok,2024-11-12
276,Wichai,Thongdee,wichai.thongdee276@example.com,Bangkok,2025-08-30
277,Pim,Charoen,pim.charoen277@example.com,Nonthaburi,2025-07-10
278,Suda,Pattana,suda.pattana278@example.com,Bangkok,2024-12-16
279,Piti,Charoen,piti.charoen279@example.com,Samut Prakan,2025-04-29
280,Mali,Charoen,mali.charoen280@example.com,Bangkok,2024-10-26
281,Anan,Boonmee,anan.boonmee281@example.com,Chiang Mai,2025-02-17
282,Nida,Pattana,nida.pattana282@example.com,Bangkok,2025-07-10
283,Nida,Srisuk,nida.srisuk283@example.com,Nonthaburi,2025-03-28
284,Kanya,Thongdee,kanya.thongdee284@example.com,Nonthaburi,2025-03-26
285,Chai,Chaiyo,chai.chaiyo285@example.com,Bangkok,2025-02-25
286,Thira,Intarasak,thira.intarasak286@example.com,Chiang Mai,2025-06-01
287,Tanawat,Sukjai,tanawat.sukjai287@example.com,Nonthaburi,2024-09-03
288,Kanya,Intarasak,kanya.intarasak288@example.com,Nonthaburi,2025-05-06
289,Napat,Boonmee,napat.boonmee289@example.com,Khon Kaen,2024-08-16
290,Wichai,Rattanakul,wichai.rattanakul290@example.com,Bangkok,2024-10-27
291,Sarawut,Boonmee,sarawut.boonmee291@example.com,Bangkok,2025-08-02
292,Sarawut,Saetang,sarawut.saetang292@example.com,Chiang Mai,2024-12-06
293,Napat,Pattana,napat.pattana293@example.com,Nonthaburi,2025-11-14
294,Suda,Srisuk,suda.srisuk294@example.com,Bangkok,2025-07-15
295,Kanya,Wongsawat,kanya.wongsawat295@example.com,Bangkok,2025-07-07
296,Chai,Jaidee,chai.jaidee296@example.com,Bangkok,2025-07-03
297,Suda,Wongsawat,suda.wongsawat297@example.com,Khon Kaen,2024-11-03
298,Kanya,Chaiyo,kanya.chaiyo298@example.com,Nonthaburi,2025-02-03
299,Thira,Srisuk,thira.srisuk299@example.com,Pathum Thani,2024-08-21
300,Tanawat,Boonmee,tanawat.boonmee300@example.com,Bangkok,2025-01-27
