order_id,customer_id,order_date,status
1,1,2025-04-26,cancelled
2,1,2025-05-07,completed
3,1,2025-05-20,completed
4,1,2025-06-23,completed
5,1,2025-07-16,completed
6,1,2025-07-17,completed
7,1,2025-07-21,completed
8,2,2025-06-18,completed
9,3,2025-09-19,completed
10,3,2025-11-09,completed
11,3,2025-11-18,completed
12,4,2025-05-15,completed
13,4,2025-08-02,completed
14,4,2025-08-17,completed
15,4,2025-09-01,completed
16,5,2025-08-28,completed
17,6,2025-02-13,completed
18,6,2025-02-21,completed
19,6,2025-02-25,completed
20,6,2025-03-01,completed
21,7,2025-05-12,completed
22,8,2025-09-14,completed
23,8,2025-09-25,completed
24,8,2025-10-14,completed
25,8,2025-10-16,completed
26,8,2025-10-17,completed
27,8,2025-11-01,completed
28,8,2025-11-01,completed
29,8,2025-11-05,completed
30,9,2025-09-26,completed
31,10,2025-07-12,completed
32,10,2025-07-22,completed
33,10,2025-07-28,completed
34,10,2025-08-07,completed
35,10,2025-08-11,completed
36,10,2025-08-21,completed
37,10,2025-08-29,completed
38,10,2025-09-16,completed
39,10,2025-11-09,completed
40,10,2025-11-14,completed
41,10,2025-11-18,completed
42,11,2025-09-17,completed
43,11,2025-09-17,completed
44,11,2025-09-27,completed
45,11,2025-10-06,completed
46,12,2025-08-04,completed
47,12,2025-08-23,completed
48,12,2025-09-09,completed
49,12,2025-09-30,completed
50,12,2025-10-04,completed
51,12,2025-10-15,completed
52,12,2025-10-22,completed
53,12,2025-10-25,completed
54,12,2025-11-02,completed
55,12,2025-11-11,completed
56,13,2025-07-22,completed
57,13,2025-07-28,completed
58,13,2025-08-08,completed
59,13,2025-09-23,completed
60,13,2025-10-15,completed
61,13,2025-10-18,completed
62,13,2025-10-19,completed
63,13,2025-11-05,completed
64,13,2025-11-17,completed
65,13,2025-11-24,completed
66,13,2025-11-30,completed
67,13,2025-12-09,completed
68,14,2025-03-28,completed
69,14,2025-07-12,completed
70,14,2025-09-04,completed
71,14,2025-10-07,completed
72,14,2025-11-04,completed
73,14,2025-11-27,completed
74,15,2025-06-08,completed
75,15,2025-09-22,completed
76,15,2025-10-23,completed
77,15,2025-11-07,completed
78,16,2025-10-10,completed
79,16,2025-10-17,completed
80,16,2025-10-19,completed
81,17,2025-08-19,completed
82,18,2025-01-31,completed
83,18,2025-02-15,completed
84,18,2025-05-27,completed
85,18,2025-05-28,completed
86,18,2025-06-14,completed
87,18,2025-10-21,completed
88,18,2025-11-27,completed
89,18,2025-11-30,completed
90,19,2025-03-13,completed
91,19,2025-12-26,completed
92,19,2025-12-31,completed
93,20,2025-04-10,completed
94,20,2025-04-27,completed
95,20,2025-05-05,completed
96,20,2025-05-24,completed
97,20,2025-05-26,completed
98,20,2025-07-27,completed
99,20,2025-09-24,completed
100,20,2025-10-18,completed
101,20,2025-10-26,completed
102,20,2025-11-03,completed
103,20,2025-11-11,completed
104,20,2025-11-30,completed
105,20,2025-12-05,completed
106,21,2025-01-08,completed
107,21,2025-03-02,completed
108,21,2025-04-08,completed
109,21,2025-04-15,completed
110,21,2025-04-19,completed
111,21,2025-05-03,completed
112,21,2025-05-05,cancelled
113,21,2025-05-14,completed
114,21,2025-05-25,completed
115,21,2025-06-07,completed
116,21,2025-06-14,completed
117,21,2025-07-03,completed
118,21,2025-07-04,completed
119,21,2025-07-14,completed
120,21,2025-07-23,completed
121,21,2025-08-27,completed
122,21,2025-09-03,completed
123,21,2025-10-01,completed
124,21,2025-10-10,completed
125,21,2025-11-06,completed
126,21,2025-11-29,completed
127,21,2025-12-23,completed
128,21,2025-12-27,completed
129,22,2025-01-30,completed
130,22,2025-03-04,completed
131,22,2025-03-13,completed
132,22,2025-03-25,cancelled
133,22,2025-04-04,completed
134,22,2025-04-07,completed
135,22,2025-04-11,completed
136,22,2025-05-06,completed
137,22,2025-05-25,cancelled
138,22,2025-05-28,completed
139,23,2025-08-05,completed
140,24,2025-12-20,completed
141,25,2025-05-09,completed
142,25,2025-05-24,completed
143,25,2025-06-23,completed
144,25,2025-08-26,completed
145,25,2025-09-21,completed
146,25,2025-09-23,completed
147,25,2025-11-16,completed
148,26,2025-08-19,completed
149,26,2025-08-20,completed
150,26,2025-08-31,completed
151,26,2025-09-04,completed
152,26,2025-09-05,completed
153,26,2025-09-07,completed
154,27,2025-11-20,completed
155,27,2025-11-29,completed
156,27,2025-12-10,completed
157,27,2025-12-13,completed
158,27,2025-12-15,completed
159,28,2025-04-30,completed
160,28,2025-06-06,completed
161,28,2025-08-08,completed
162,28,2025-12-25,completed
163,29,2025-09-07,completed
164,29,2025-09-08,completed
165,30,2025-10-27,completed
166,30,2025-10-30,completed
167,30,2025-11-07,completed
168,30,2025-11-07,completed
169,30,2025-11-16,completed
170,30,2025-11-23,completed
171,30,2025-11-23,completed
172,31,2025-03-22,completed
173,31,2025-03-27,cancelled
174,31,2025-05-11,completed
175,31,2025-07-08,completed
176,31,2025-10-18,completed
177,32,2025-05-22,cancelled
178,33,2025-05-12,completed
179,33,2025-05-23,completed
180,33,2025-06-18,completed
181,33,2025-06-26,completed
182,33,2025-07-14,completed
183,33,2025-08-12,completed
184,33,2025-08-30,completed
185,33,2025-09-09,completed
186,33,2025-12-29,completed
187,33,2025-12-31,completed
188,34,2025-04-07,completed
189,34,2025-04-29,completed
190,34,2025-05-04,completed
191,34,2025-05-09,completed
192,34,2025-05-31,cancelled
193,34,2025-06-01,completed
194,34,2025-07-06,cancelled
195,34,2025-07-06,completed
196,34,2025-07-18,completed
197,34,2025-08-06,completed
198,34,2025-10-03,completed
199,34,2025-10-18,completed
200,34,2025-11-09,completed
201,35,2025-03-31,completed
202,35,2025-04-25,completed
203,35,2025-07-02,completed
204,35,2025-07-13,completed
205,35,2025-10-15,completed
206,35,2025-10-29,completed
207,35,2025-11-11,completed
208,35,2025-12-07,cancelled
209,35,2025-12-22,completed
210,36,2025-02-02,completed
211,36,2025-03-10,completed
212,36,2025-04-17,completed
213,36,2025-05-02,completed
214,36,2025-05-05,completed
215,36,2025-09-22,completed
216,36,2025-11-23,completed
217,36,2025-12-12,completed
218,37,2025-02-27,completed
219,37,2025-03-17,completed
220,37,2025-03-18,completed
221,37,2025-08-01,completed
222,37,2025-08-03,completed
223,37,2025-10-18,completed
224,37,2025-10-29,completed
225,38,2025-01-16,cancelled
226,38,2025-02-16,completed
227,38,2025-03-25,completed
228,38,2025-04-01,completed
229,38,2025-05-04,completed
230,38,2025-05-13,completed
231,38,2025-05-26,completed
232,38,2025-06-26,completed
233,38,2025-06-29,completed
234,38,2025-07-10,completed
235,38,2025-08-17,completed
236,38,2025-08-31,completed
237,38,2025-09-08,completed
238,38,2025-10-10,completed
239,38,2025-10-28,completed
240,38,2025-11-01,completed
241,38,2025-12-15,completed
242,38,2025-12-19,completed
243,39,2025-01-03,completed
244,39,2025-05-08,completed
245,40,2025-01-03,completed
246,40,2025-01-03,completed
247,40,2025-01-05,completed
248,40,2025-01-16,completed
249,40,2025-01-17,completed
250,40,2025-01-22,completed
251,40,2025-01-28,completed
252,40,2025-01-29,completed
253,40,2025-01-30,completed
254,40,2025-02-16,completed
255,40,2025-02-18,completed
256,40,2025-02-21,completed
257,40,2025-03-06,completed
258,40,2025-03-17,completed
259,40,2025-03-23,completed
260,40,2025-03-25,completed
261,41,2025-01-08,completed
262,41,2025-01-13,completed
263,41,2025-01-13,completed
264,41,2025-01-18,completed
265,41,2025-01-21,completed
266,42,2025-03-03,completed
267,42,2025-07-21,completed
268,43,2025-03-27,completed
269,43,2025-04-08,completed
270,43,2025-05-01,completed
271,43,2025-05-03,completed
272,43,2025-08-19,completed
273,43,2025-10-20,completed
274,43,2025-11-25,completed
275,44,2025-08-04,completed
276,44,2025-10-04,completed
277,44,2025-11-07,completed
278,44,2025-12-03,completed
279,45,2025-11-15,completed
280,46,2025-09-08,completed
281,47,2025-02-22,completed
282,47,2025-04-27,completed
283,47,2025-06-05,completed
284,47,2025-06-15,cancelled
285,47,2025-06-21,completed
286,47,2025-07-27,completed
287,48,2025-01-06,completed
288,48,2025-03-14,completed
289,48,2025-10-11,completed
290,48,2025-10-12,completed
291,49,2025-04-04,completed
292,49,2025-04-07,completed
293,49,2025-07-07,completed
294,49,2025-07-27,completed
295,49,2025-12-07,completed
296,50,2025-01-02,completed
297,50,2025-01-02,completed
298,50,2025-01-26,completed
299,50,2025-02-02,completed
300,50,2025-02-07,completed
301,50,2025-02-07,completed
302,50,2025-02-07,completed
303,51,2025-11-01,completed
304,51,2025-11-08,completed
305,51,2025-11-13,completed
306,51,2025-11-20,completed
307,51,2025-11-21,completed
308,51,2025-11-21,completed
309,51,2025-12-01,completed
310,52,2025-12-13,completed
311,53,2025-09-23,completed
312,53,2025-10-06,completed
313,53,2025-10-14,completed
314,53,2025-10-18,completed
315,53,2025-10-28,completed
316,53,2025-11-12,cancelled
317,53,2025-11-29,completed
318,53,2025-11-30,completed
319,54,2025-01-03,completed
320,54,2025-01-27,completed
321,54,2025-02-15,completed
322,54,2025-02-16,completed
323,54,2025-02-21,completed
324,54,2025-03-02,completed
325,54,2025-03-12,completed
326,54,2025-03-16,completed
327,54,2025-03-24,completed
328,54,2025-03-24,completed
329,54,2025-04-20,completed
330,54,2025-04-28,completed
331,54,2025-06-23,completed
332,54,2025-06-26,completed
333,54,2025-07-19,completed
334,54,2025-07-23,completed
335,54,2025-07-25,completed
336,54,2025-08-11,completed
337,54,2025-08-17,completed
338,54,2025-08-30,completed
339,54,2025-09-18,completed
340,54,2025-10-09,completed
341,54,2025-10-23,completed
342,54,2025-11-04,completed
343,54,2025-11-11,completed
344,54,2025-11-22,completed
345,54,2025-12-04,completed
346,54,2025-12-17,completed
347,54,2025-12-23,completed
348,54,2025-12-25,completed
349,54,2025-12-28,completed
350,54,2025-12-28,completed
351,55,2025-08-18,completed
352,55,2025-10-15,completed
353,55,2025-11-20,completed
354,56,2025-04-19,completed
355,56,2025-06-01,completed
356,56,2025-09-01,cancelled
357,56,2025-09-21,completed
358,56,2025-11-27,completed
359,57,2025-09-10,completed
360,57,2025-10-07,completed
361,57,2025-11-01,completed
362,58,2025-01-31,completed
363,58,2025-01-31,completed
364,58,2025-03-20,completed
365,58,2025-06-23,completed
366,58,2025-07-02,completed
367,58,2025-10-02,completed
368,58,2025-11-17,completed
369,58,2025-11-27,completed
370,58,2025-12-26,completed
371,59,2025-01-05,completed
372,59,2025-01-26,completed
373,60,2025-01-21,completed
374,60,2025-01-30,completed
375,60,2025-02-01,completed
376,60,2025-02-06,completed
377,60,2025-02-10,completed
378,60,2025-05-17,completed
379,60,2025-06-05,cancelled
380,60,2025-07-04,completed
381,60,2025-07-08,completed
382,60,2025-08-01,completed
383,60,2025-08-28,cancelled
384,60,2025-09-09,completed
385,60,2025-09-28,completed
386,60,2025-10-13,completed
387,60,2025-11-12,completed
388,60,2025-11-24,completed
389,60,2025-12-02,completed
390,60,2025-12-29,completed
391,61,2025-09-23,completed
392,61,2025-10-08,completed
393,62,2025-08-16,completed
394,63,2025-02-15,completed
395,63,2025-04-06,completed
396,63,2025-04-12,completed
397,63,2025-06-11,completed
398,63,2025-08-23,completed
399,63,2025-09-06,completed
400,63,2025-09-14,completed
401,63,2025-09-30,completed
402,63,2025-11-02,completed
403,64,2025-10-26,cancelled
404,64,2025-10-29,completed
405,64,2025-11-01,completed
406,64,2025-11-02,completed
407,64,2025-11-06,completed
408,64,2025-11-27,completed
409,64,2025-12-08,completed
410,64,2025-12-10,completed
411,65,2025-11-15,completed
412,65,2025-11-15,completed
413,65,2025-11-16,completed
414,65,2025-12-02,completed
415,66,2025-01-17,completed
416,66,2025-01-19,completed
417,66,2025-01-26,completed
418,66,2025-01-26,completed
419,66,2025-01-29,completed
420,66,2025-02-14,completed
421,66,2025-03-16,completed
422,66,2025-03-17,completed
423,66,2025-04-05,completed
424,66,2025-04-17,completed
425,66,2025-06-02,completed
426,66,2025-06-19,completed
427,66,2025-06-28,completed
428,67,2025-05-26,completed
429,67,2025-06-09,completed
430,67,2025-07-12,completed
431,67,2025-07-17,completed
432,67,2025-07-26,completed
433,67,2025-08-03,completed
434,67,2025-08-21,completed
435,67,2025-08-31,completed
436,67,2025-09-10,completed
437,67,2025-09-22,completed
438,67,2025-09-29,completed
439,67,2025-11-15,completed
440,67,2025-12-16,completed
441,67,2025-12-28,completed
442,68,2025-12-02,completed
443,68,2025-12-07,completed
444,68,2025-12-09,completed
445,69,2025-02-14,completed
446,69,2025-03-02,completed
447,69,2025-03-29,completed
448,69,2025-05-20,completed
449,69,2025-06-19,completed
450,69,2025-06-27,completed
451,70,2025-04-25,completed
452,70,2025-07-21,completed
453,70,2025-07-21,completed
454,70,2025-08-02,completed
455,70,2025-08-17,cancelled
456,70,2025-10-13,completed
457,70,2025-12-12,completed
458,71,2025-03-07,completed
459,71,2025-05-14,completed
460,71,2025-07-20,completed
461,72,2025-01-27,completed
462,72,2025-01-28,completed
463,72,2025-03-01,completed
464,72,2025-03-16,cancelled
465,72,2025-03-20,completed
466,72,2025-03-27,completed
467,72,2025-03-27,completed
468,72,2025-04-18,completed
469,72,2025-04-30,completed
470,72,2025-05-02,completed
471,72,2025-05-16,completed
472,72,2025-06-04,completed
473,72,2025-06-26,completed
474,72,2025-07-14,completed
475,72,2025-07-16,completed
476,72,2025-07-24,completed
477,72,2025-07-31,completed
478,72,2025-08-14,completed
479,72,2025-08-26,completed
480,72,2025-09-01,completed
481,72,2025-09-01,completed
482,72,2025-09-11,completed
483,72,2025-09-30,completed
484,72,2025-10-23,completed
485,72,2025-11-01,completed
486,72,2025-11-23,completed
487,72,2025-11-25,completed
488,72,2025-12-05,completed
489,72,2025-12-16,completed
490,73,2025-08-11,completed
491,73,2025-11-09,completed
492,74,2025-09-06,completed
493,75,2025-05-26,completed
494,75,2025-06-13,completed
495,75,2025-06-16,completed
496,75,2025-07-01,completed
497,75,2025-08-17,completed
498,75,2025-09-14,completed
499,75,2025-09-22,completed
500,75,2025-09-28,completed
501,75,2025-10-05,completed
502,75,2025-10-07,completed
503,75,2025-10-14,completed
504,75,2025-11-22,completed
505,75,2025-11-23,completed
506,75,2025-12-08,completed
507,75,2025-12-09,completed
508,75,2025-12-21,completed
509,76,2025-10-19,completed
510,76,2025-10-31,completed
511,76,2025-11-18,completed
512,76,2025-11-18,completed
513,76,2025-11-27,completed
514,77,2025-01-13,completed
515,77,2025-01-21,completed
516,77,2025-02-27,completed
517,77,2025-03-01,completed
518,77,2025-03-13,completed
519,77,2025-04-23,completed
520,77,2025-06-07,completed
521,77,2025-06-23,completed
522,77,2025-07-02,completed
523,77,2025-07-25,completed
524,77,2025-08-15,completed
525,77,2025-08-17,completed
526,77,2025-09-03,completed
527,77,2025-10-10,completed
528,77,2025-11-13,completed
529,77,2025-12-14,completed
530,77,2025-12-19,completed
531,78,2025-01-10,completed
532,78,2025-01-17,completed
533,78,2025-01-22,completed
534,78,2025-02-09,completed
535,78,2025-02-25,completed
536,78,2025-02-27,completed
537,78,2025-04-11,completed
538,78,2025-08-09,completed
539,78,2025-09-05,completed
540,79,2025-04-10,completed
541,79,2025-04-29,completed
542,79,2025-06-02,completed
543,79,2025-06-17,completed
544,79,2025-06-18,completed
545,79,2025-08-28,completed
546,79,2025-09-10,completed
547,80,2025-05-12,completed
548,80,2025-05-13,completed
549,80,2025-05-17,completed
550,80,2025-05-20,completed
551,80,2025-05-21,completed
552,80,2025-05-30,completed
553,80,2025-06-07,completed
554,80,2025-07-07,completed
555,80,2025-07-27,completed
556,80,2025-08-01,completed
557,80,2025-08-02,completed
558,80,2025-08-03,completed
559,80,2025-08-03,completed
560,80,2025-08-05,completed
561,80,2025-08-07,completed
562,80,2025-08-11,completed
563,80,2025-08-19,completed
564,80,2025-08-23,completed
565,80,2025-10-02,completed
566,80,2025-10-04,completed
567,80,2025-10-13,completed
568,80,2025-10-22,completed
569,80,2025-11-11,completed
570,80,2025-11-17,completed
571,80,2025-11-29,completed
572,80,2025-12-06,completed
573,80,2025-12-20,completed
574,81,2025-06-05,completed
575,81,2025-07-23,completed
576,81,2025-08-16,completed
577,81,2025-08-26,completed
578,81,2025-09-02,completed
579,81,2025-10-02,completed
580,81,2025-10-25,completed
581,81,2025-11-21,completed
582,82,2025-02-01,completed
583,82,2025-02-17,completed
584,82,2025-02-28,completed
585,82,2025-03-16,completed
586,82,2025-03-24,completed
587,82,2025-03-29,completed
588,82,2025-04-27,completed
589,83,2025-01-28,completed
590,83,2025-03-18,completed
591,83,2025-03-19,completed
592,83,2025-03-26,completed
593,83,2025-04-07,completed
594,83,2025-05-15,completed
595,83,2025-05-16,completed
596,83,2025-06-10,completed
597,83,2025-06-11,completed
598,83,2025-08-12,completed
599,83,2025-08-14,completed
600,83,2025-09-09,completed
601,83,2025-09-22,completed
602,83,2025-10-12,completed
603,83,2025-11-10,completed
604,83,2025-11-22,completed
605,83,2025-12-03,completed
606,84,2025-06-17,completed
607,84,2025-06-18,completed
608,84,2025-06-19,completed
609,84,2025-06-30,completed
610,84,2025-07-01,completed
611,84,2025-07-08,completed
612,84,2025-07-25,cancelled
613,84,2025-08-06,completed
614,84,2025-08-07,completed
615,84,2025-08-11,completed
616,84,2025-08-14,completed
617,84,2025-08-17,completed
618,84,2025-08-18,completed
619,85,2025-11-16,completed
620,85,2025-11-19,completed
621,85,2025-11-22,completed
622,85,2025-11-30,completed
623,85,2025-12-15,completed
624,85,2025-12-21,completed
625,85,2025-12-25,completed
626,85,2025-12-27,completed
627,85,2025-12-28,completed
628,86,2025-09-17,cancelled
629,86,2025-10-15,completed
630,87,2025-08-23,completed
631,87,2025-12-22,completed
632,88,2025-10-08,completed
633,88,2025-10-14,completed
634,88,2025-11-11,completed
635,88,2025-11-17,completed
636,88,2025-11-19,completed
637,88,2025-11-23,completed
638,88,2025-12-26,completed
639,89,2025-03-04,cancelled
640,89,2025-04-05,completed
641,90,2025-02-15,completed
642,90,2025-06-16,completed
643,90,2025-11-16,completed
644,90,2025-11-16,completed
645,90,2025-12-07,completed
646,91,2025-01-15,completed
647,91,2025-03-18,completed
648,92,2025-07-13,completed
649,92,2025-09-06,completed
650,92,2025-09-15,completed
651,92,2025-11-27,completed
652,93,2025-08-06,completed
653,94,2025-01-02,completed
654,94,2025-01-03,completed
655,94,2025-01-05,completed
656,94,2025-02-11,completed
657,94,2025-03-10,completed
658,94,2025-03-30,completed
659,94,2025-07-21,completed
660,94,2025-07-31,completed
661,94,2025-09-01,cancelled
662,94,2025-09-08,completed
663,94,2025-10-03,completed
664,94,2025-10-12,completed
665,94,2025-11-08,completed
666,94,2025-11-27,completed
667,94,2025-11-29,completed
668,94,2025-12-11,completed
669,94,2025-12-23,completed
670,94,2025-12-27,completed
671,95,2025-08-23,completed
672,96,2025-03-22,completed
673,96,2025-03-30,completed
674,96,2025-05-03,completed
675,96,2025-05-09,completed
676,96,2025-06-03,completed
677,96,2025-07-02,completed
678,96,2025-07-09,completed
679,96,2025-08-28,completed
680,96,2025-10-01,completed
681,96,2025-10-13,completed
682,96,2025-11-01,completed
683,96,2025-11-15,completed
684,96,2025-12-18,completed
685,97,2025-10-31,completed
686,98,2025-11-02,completed
687,98,2025-12-25,completed
688,98,2025-12-27,completed
689,98,2025-12-30,completed
690,99,2025-01-10,completed
691,99,2025-01-19,completed
692,99,2025-01-21,completed
693,99,2025-01-26,completed
694,99,2025-01-31,completed
695,99,2025-02-21,completed
696,99,2025-02-28,completed
697,99,2025-03-12,completed
698,99,2025-03-27,completed
699,99,2025-04-03,completed
700,99,2025-05-12,completed
701,99,2025-05-20,completed
702,99,2025-05-20,completed
703,100,2025-03-15,completed
704,101,2025-10-26,completed
705,101,2025-10-26,completed
706,101,2025-10-30,completed
707,101,2025-11-10,completed
708,102,2025-02-19,cancelled
709,102,2025-04-12,completed
710,102,2025-04-13,completed
711,103,2025-05-03,completed
712,103,2025-06-01,completed
713,103,2025-06-19,completed
714,104,2025-08-30,completed
715,104,2025-10-09,completed
716,105,2025-03-03,completed
717,105,2025-04-17,completed
718,105,2025-04-29,completed
719,105,2025-07-22,completed
720,105,2025-08-08,completed
721,105,2025-10-05,completed
722,105,2025-11-16,completed
723,106,2025-04-01,completed
724,106,2025-04-03,completed
725,106,2025-04-06,completed
726,106,2025-04-07,completed
727,106,2025-04-09,completed
728,106,2025-04-11,completed
729,106,2025-05-03,completed
730,107,2025-08-23,completed
731,107,2025-10-08,completed
732,108,2025-01-21,completed
733,108,2025-02-18,completed
734,108,2025-05-13,completed
735,108,2025-05-31,completed
736,109,2025-03-21,cancelled
737,110,2025-03-06,completed
738,110,2025-04-23,completed
739,111,2025-06-11,completed
740,111,2025-06-20,completed
741,111,2025-08-13,completed
742,111,2025-08-30,completed
743,112,2025-07-06,completed
744,112,2025-08-06,completed
745,112,2025-08-27,completed
746,112,2025-09-02,completed
747,112,2025-10-09,completed
748,112,2025-10-19,completed
749,112,2025-10-26,completed
750,112,2025-11-28,completed
751,112,2025-12-12,completed
752,113,2025-09-15,completed
753,113,2025-11-19,completed
754,114,2025-01-17,completed
755,115,2025-01-05,completed
756,115,2025-01-16,completed
757,115,2025-01-28,completed
758,115,2025-02-05,completed
759,115,2025-02-09,completed
760,115,2025-02-10,completed
761,115,2025-03-03,completed
762,115,2025-03-05,completed
763,115,2025-03-06,completed
764,115,2025-03-15,completed
765,116,2025-05-21,cancelled
766,116,2025-07-08,completed
767,116,2025-07-15,completed
768,116,2025-08-16,completed
769,116,2025-08-26,completed
770,116,2025-11-20,cancelled
771,116,2025-11-29,completed
772,116,2025-12-01,completed
773,117,2025-06-04,completed
774,117,2025-06-06,completed
775,117,2025-06-20,completed
776,117,2025-07-01,completed
777,117,2025-07-13,completed
778,117,2025-07-18,completed
779,117,2025-07-25,completed
780,117,2025-08-10,completed
781,117,2025-08-24,completed
782,117,2025-10-03,completed
783,117,2025-10-10,completed
784,117,2025-10-28,completed
785,117,2025-11-11,completed
786,117,2025-11-18,completed
787,117,2025-12-21,completed
788,117,2025-12-25,completed
789,117,2025-12-31,completed
790,118,2025-09-21,completed
791,119,2025-02-27,completed
792,119,2025-05-08,completed
793,119,2025-06-23,completed
794,119,2025-12-14,completed
795,120,2025-01-03,completed
796,120,2025-08-11,completed
797,121,2025-05-17,completed
798,121,2025-05-19,completed
799,121,2025-05-27,completed
800,121,2025-06-10,completed
801,121,2025-06-11,cancelled
802,121,2025-06-15,completed
803,121,2025-06-16,completed
804,121,2025-06-22,completed
805,121,2025-07-13,completed
806,121,2025-08-10,completed
807,121,2025-08-21,completed
808,121,2025-09-19,completed
809,121,2025-11-03,completed
810,121,2025-11-05,completed
811,121,2025-11-26,completed
812,121,2025-12-02,completed
813,121,2025-12-11,completed
814,121,2025-12-15,completed
815,122,2025-01-01,completed
816,122,2025-01-06,completed
817,122,2025-01-09,completed
818,122,2025-01-30,completed
819,122,2025-02-12,completed
820,122,2025-03-01,completed
821,122,2025-03-10,completed
822,122,2025-04-01,completed
823,122,2025-04-18,cancelled
824,122,2025-04-23,completed
825,122,2025-05-12,completed
826,122,2025-05-16,completed
827,122,2025-05-24,completed
828,122,2025-05-31,completed
829,122,2025-06-16,completed
830,122,2025-06-16,completed
831,122,2025-06-27,completed
832,122,2025-07-02,completed
833,122,2025-07-08,completed
834,122,2025-07-29,completed
835,122,2025-10-01,completed
836,122,2025-10-09,completed
837,122,2025-11-06,completed
838,122,2025-11-10,completed
839,122,2025-11-17,completed
840,122,2025-11-20,completed
841,122,2025-11-29,cancelled
842,122,2025-12-28,completed
843,123,2025-10-14,completed
844,123,2025-11-06,completed
845,124,2025-08-06,completed
846,124,2025-09-15,completed
847,124,2025-09-18,completed
848,124,2025-09-28,completed
849,124,2025-10-05,completed
850,124,2025-10-16,completed
851,124,2025-12-17,completed
852,125,2025-07-07,completed
853,126,2025-09-10,completed
854,126,2025-09-22,completed
855,126,2025-09-28,completed
856,126,2025-09-29,cancelled
857,126,2025-10-16,completed
858,126,2025-10-27,completed
859,126,2025-11-19,completed
860,126,2025-11-20,completed
861,126,2025-12-07,completed
862,126,2025-12-23,completed
863,126,2025-12-27,completed
864,127,2025-01-08,completed
865,127,2025-01-09,completed
866,127,2025-06-04,completed
867,127,2025-06-07,completed
868,127,2025-07-06,completed
869,127,2025-07-09,completed
870,127,2025-09-15,completed
871,128,2025-01-17,cancelled
872,128,2025-08-01,completed
873,129,2025-06-03,completed
874,129,2025-06-22,completed
875,129,2025-08-28,completed
876,129,2025-09-07,completed
877,129,2025-10-15,completed
878,129,2025-10-30,completed
879,129,2025-12-12,completed
880,129,2025-12-19,completed
881,130,2025-12-03,completed
882,130,2025-12-04,completed
883,130,2025-12-10,completed
884,131,2025-03-04,completed
885,131,2025-05-11,completed
886,132,2025-06-19,completed
887,132,2025-06-29,completed
888,132,2025-07-02,completed
889,132,2025-07-29,completed
890,132,2025-08-13,completed
891,132,2025-10-10,completed
892,132,2025-10-13,completed
893,132,2025-11-01,completed
894,132,2025-12-01,completed
895,132,2025-12-10,completed
896,133,2025-11-10,completed
897,133,2025-11-13,completed
898,133,2025-11-15,completed
899,133,2025-11-30,completed
900,133,2025-12-09,completed
901,133,2025-12-20,completed
902,134,2025-03-04,completed
903,134,2025-05-04,completed
904,134,2025-09-25,completed
905,134,2025-09-28,completed
906,134,2025-10-23,completed
907,135,2025-07-07,completed
908,136,2025-01-26,completed
909,136,2025-02-20,completed
910,136,2025-11-29,completed
911,137,2025-01-02,completed
912,137,2025-02-18,completed
913,137,2025-04-05,cancelled
914,137,2025-05-28,cancelled
915,137,2025-09-15,completed
916,137,2025-11-02,completed
917,137,2025-12-25,completed
918,137,2025-12-28,completed
919,138,2025-09-13,completed
920,138,2025-10-10,completed
921,139,2025-01-05,completed
922,139,2025-02-26,completed
923,139,2025-03-17,completed
924,139,2025-03-18,completed
925,139,2025-05-28,completed
926,139,2025-06-27,completed
927,139,2025-08-27,completed
928,139,2025-09-13,completed
929,139,2025-09-25,completed
930,139,2025-10-18,completed
931,139,2025-12-15,completed
932,139,2025-12-17,completed
933,140,2025-01-04,completed
934,140,2025-03-21,completed
935,140,2025-06-04,completed
936,140,2025-06-09,completed
937,140,2025-09-06,completed
938,140,2025-11-16,completed
939,140,2025-11-18,completed
940,140,2025-12-19,completed
941,141,2025-11-01,completed
942,141,2025-11-11,completed
943,141,2025-11-14,completed
944,141,2025-11-18,completed
945,141,2025-11-23,completed
946,141,2025-11-23,completed
947,141,2025-11-30,completed
948,141,2025-12-03,completed
949,141,2025-12-03,completed
950,141,2025-12-25,completed
951,141,2025-12-26,completed
952,141,2025-12-28,completed
953,142,2025-10-02,completed
954,143,2025-03-12,completed
955,143,2025-03-21,completed
956,143,2025-04-08,completed
957,143,2025-05-02,completed
958,143,2025-06-14,completed
959,143,2025-07-08,completed
960,143,2025-07-20,completed
961,143,2025-09-03,completed
962,143,2025-10-25,completed
963,143,2025-11-03,completed
964,143,2025-11-11,completed
965,143,2025-11-17,completed
966,143,2025-12-02,completed
967,143,2025-12-20,cancelled
968,143,2025-12-24,completed
969,144,2025-11-13,completed
970,144,2025-11-15,completed
971,144,2025-11-27,completed
972,145,2025-08-26,completed
973,145,2025-09-01,completed
974,145,2025-09-24,completed
975,145,2025-10-07,completed
976,145,2025-10-17,completed
977,145,2025-10-26,completed
978,145,2025-10-28,completed
979,145,2025-11-13,completed
980,145,2025-11-19,completed
981,145,2025-11-20,completed
982,145,2025-11-21,completed
983,145,2025-11-23,completed
984,145,2025-11-27,completed
985,145,2025-11-30,completed
986,145,2025-12-06,completed
987,146,2025-04-28,completed
988,146,2025-04-28,completed
989,146,2025-08-03,completed
990,146,2025-08-18,completed
991,146,2025-10-19,completed
992,147,2025-08-09,completed
993,147,2025-08-29,completed
994,147,2025-09-11,completed
995,147,2025-09-15,completed
996,147,2025-09-22,completed
997,147,2025-09-23,completed
998,147,2025-10-21,completed
999,147,2025-10-29,completed
1000,147,2025-11-10,completed
1001,147,2025-11-13,completed
1002,147,2025-11-20,completed
1003,147,2025-11-27,completed
1004,147,2025-11-28,completed
1005,147,2025-11-30,completed
1006,147,2025-12-01,completed
1007,147,2025-12-02,completed
1008,147,2025-12-08,completed
1009,147,2025-12-16,completed
1010,148,2025-10-24,completed
1011,148,2025-10-27,completed
1012,148,2025-12-11,completed
1013,148,2025-12-20,completed
1014,149,2025-01-08,completed
1015,149,2025-01-11,completed
1016,149,2025-02-07,completed
1017,149,2025-02-09,completed
1018,149,2025-02-13,completed
1019,149,2025-05-19,completed
1020,149,2025-08-01,completed
1021,149,2025-09-16,completed
1022,149,2025-10-05,completed
1023,149,2025-12-27,completed
1024,150,2025-11-08,completed
1025,150,2025-11-19,completed
1026,150,2025-12-07,completed
1027,150,2025-12-09,completed
1028,150,2025-12-13,completed
1029,151,2025-11-25,completed
1030,152,2025-02-09,completed
1031,152,2025-04-14,completed
1032,152,2025-05-11,completed
1033,152,2025-06-06,completed
1034,152,2025-07-08,completed
1035,152,2025-07-26,completed
1036,152,2025-08-07,completed
1037,152,2025-10-05,completed
1038,152,2025-10-15,completed
1039,152,2025-10-27,completed
1040,152,2025-11-16,completed
1041,152,2025-11-25,completed
1042,152,2025-12-04,completed
1043,153,2025-02-18,completed
1044,153,2025-02-22,completed
1045,153,2025-03-15,completed
1046,153,2025-03-27,completed
1047,154,2025-02-14,completed
1048,154,2025-02-15,completed
1049,154,2025-08-26,completed
1050,154,2025-10-17,completed
1051,154,2025-12-23,completed
1052,155,2025-03-21,completed
1053,155,2025-04-17,completed
1054,155,2025-04-18,completed
1055,155,2025-05-28,completed
1056,155,2025-06-25,completed
1057,155,2025-06-27,completed
1058,155,2025-07-17,completed
1059,155,2025-08-11,completed
1060,155,2025-10-03,completed
1061,155,2025-10-19,completed
1062,155,2025-11-27,completed
1063,155,2025-12-16,completed
1064,155,2025-12-26,completed
1065,156,2025-12-29,completed
1066,157,2025-11-08,completed
1067,157,2025-11-12,completed
1068,157,2025-11-25,completed
1069,157,2025-12-13,completed
1070,158,2025-01-21,completed
1071,158,2025-01-25,completed
1072,158,2025-01-26,completed
1073,158,2025-03-04,completed
1074,158,2025-04-12,completed
1075,158,2025-05-10,completed
1076,158,2025-05-13,completed
1077,158,2025-05-25,completed
1078,158,2025-07-07,completed
1079,158,2025-07-09,completed
1080,158,2025-08-11,completed
1081,158,2025-08-21,completed
1082,158,2025-08-24,completed
1083,158,2025-08-26,completed
1084,158,2025-09-08,completed
1085,158,2025-09-21,completed
1086,158,2025-10-30,completed
1087,158,2025-11-03,completed
1088,158,2025-11-11,completed
1089,158,2025-12-18,completed
1090,158,2025-12-29,completed
1091,159,2025-01-02,completed
1092,159,2025-03-22,completed
1093,159,2025-04-01,cancelled
1094,159,2025-05-27,completed
1095,159,2025-05-28,completed
1096,159,2025-06-21,completed
1097,159,2025-07-24,completed
1098,159,2025-08-19,completed
1099,159,2025-08-26,completed
1100,159,2025-09-30,completed
1101,160,2025-07-28,completed
1102,160,2025-07-30,completed
1103,161,2025-03-30,completed
1104,161,2025-05-29,completed
1105,162,2025-01-19,completed
1106,162,2025-05-21,completed
1107,162,2025-11-01,completed
1108,163,2025-05-12,completed
1109,163,2025-07-16,completed
1110,163,2025-11-23,completed
1111,164,2025-08-14,completed
1112,164,2025-09-03,completed
1113,164,2025-10-14,completed
1114,164,2025-11-09,completed
1115,164,2025-11-19,completed
1116,164,2025-12-07,completed
1117,164,2025-12-28,completed
1118,165,2025-09-05,completed
1119,165,2025-10-01,completed
1120,165,2025-10-12,completed
1121,165,2025-11-05,completed
1122,165,2025-11-15,completed
1123,165,2025-11-19,completed
1124,166,2025-08-08,completed
1125,166,2025-09-04,completed
1126,167,2025-06-16,completed
1127,167,2025-07-15,completed
1128,167,2025-10-13,completed
1129,167,2025-10-14,completed
1130,168,2025-04-08,completed
1131,168,2025-04-15,completed
1132,168,2025-05-03,completed
1133,168,2025-05-08,completed
1134,168,2025-05-20,completed
1135,168,2025-05-23,completed
1136,168,2025-05-27,completed
1137,168,2025-05-31,completed
1138,168,2025-06-07,completed
1139,168,2025-06-08,completed
1140,168,2025-06-24,completed
1141,168,2025-06-27,completed
1142,168,2025-07-04,completed
1143,168,2025-07-04,completed
1144,168,2025-07-13,completed
1145,168,2025-07-17,completed
1146,168,2025-07-21,completed
1147,168,2025-07-26,completed
1148,168,2025-07-29,completed
1149,168,2025-07-31,completed
1150,168,2025-08-05,completed
1151,168,2025-08-16,completed
1152,168,2025-09-04,completed
1153,169,2025-11-08,completed
1154,169,2025-11-10,completed
1155,169,2025-11-11,completed
1156,169,2025-11-19,completed
1157,169,2025-11-20,completed
1158,169,2025-12-02,completed
1159,169,2025-12-18,completed
1160,169,2025-12-25,completed
1161,169,2025-12-28,completed
1162,169,2025-12-29,completed
1163,170,2025-05-27,completed
1164,170,2025-06-05,completed
1165,170,2025-06-13,completed
1166,170,2025-06-22,completed
1167,170,2025-06-28,completed
1168,170,2025-07-04,completed
1169,170,2025-07-05,completed
1170,170,2025-07-07,completed
1171,170,2025-07-25,completed
1172,170,2025-08-06,completed
1173,170,2025-08-11,completed
1174,170,2025-08-13,completed
1175,170,2025-08-20,completed
1176,170,2025-08-25,completed
1177,170,2025-08-27,completed
1178,170,2025-08-28,completed
1179,171,2025-10-27,completed
1180,172,2025-09-19,completed
1181,173,2025-07-24,completed
1182,173,2025-07-25,completed
1183,173,2025-07-30,completed
1184,173,2025-11-22,completed
1185,173,2025-12-28,completed
1186,174,2025-06-17,cancelled
1187,175,2025-04-12,completed
1188,175,2025-04-23,completed
1189,175,2025-05-06,completed
1190,175,2025-05-15,completed
1191,175,2025-06-09,completed
1192,175,2025-06-16,completed
1193,175,2025-06-21,completed
1194,175,2025-07-28,completed
1195,175,2025-08-06,completed
1196,175,2025-08-16,completed
1197,175,2025-08-28,completed
1198,175,2025-09-11,completed
1199,175,2025-09-14,completed
1200,175,2025-09-17,completed
1201,175,2025-09-25,completed
1202,175,2025-10-09,completed
1203,175,2025-10-28,completed
1204,175,2025-11-03,completed
1205,175,2025-11-15,completed
1206,175,2025-11-26,completed
1207,175,2025-12-16,completed
1208,175,2025-12-25,completed
1209,176,2025-02-06,completed
1210,176,2025-02-28,completed
1211,176,2025-03-01,completed
1212,176,2025-03-07,completed
1213,176,2025-04-25,completed
1214,176,2025-08-18,completed
1215,176,2025-11-23,completed
1216,176,2025-12-06,completed
1217,176,2025-12-20,completed
1218,177,2025-03-05,completed
1219,177,2025-03-07,completed
1220,178,2025-01-04,cancelled
1221,178,2025-01-20,completed
1222,178,2025-02-23,completed
1223,178,2025-03-15,completed
1224,178,2025-04-30,completed
1225,178,2025-06-14,completed
1226,178,2025-07-09,completed
1227,178,2025-07-15,completed
1228,178,2025-12-17,cancelled
1229,179,2025-05-12,completed
1230,179,2025-05-23,completed
1231,179,2025-06-16,completed
1232,179,2025-07-10,completed
1233,179,2025-08-15,completed
1234,179,2025-08-16,completed
1235,179,2025-09-28,cancelled
1236,179,2025-10-03,completed
1237,179,2025-11-01,completed
1238,179,2025-11-11,completed
1239,179,2025-12-03,completed
1240,180,2025-10-29,completed
1241,180,2025-11-01,completed
1242,180,2025-11-03,completed
1243,180,2025-11-04,completed
1244,180,2025-11-05,completed
1245,180,2025-11-08,completed
1246,180,2025-11-12,completed
1247,180,2025-11-20,completed
1248,181,2025-06-19,completed
1249,181,2025-06-20,completed
1250,182,2025-05-20,completed
1251,182,2025-06-22,completed
1252,182,2025-06-27,completed
1253,182,2025-07-07,completed
1254,182,2025-10-07,cancelled
1255,182,2025-11-16,completed
1256,183,2025-02-13,completed
1257,183,2025-04-05,completed
1258,183,2025-09-20,completed
1259,183,2025-12-20,completed
1260,184,2025-01-15,completed
1261,184,2025-05-12,completed
1262,184,2025-07-14,completed
1263,184,2025-08-07,completed
1264,184,2025-08-22,completed
1265,185,2025-04-19,completed
1266,185,2025-06-02,completed
1267,185,2025-06-11,completed
1268,186,2025-04-24,completed
1269,186,2025-08-02,completed
1270,187,2025-01-18,completed
1271,187,2025-01-21,completed
1272,187,2025-01-29,completed
1273,187,2025-02-02,completed
1274,187,2025-02-04,completed
1275,187,2025-03-09,completed
1276,187,2025-05-25,completed
1277,187,2025-06-15,completed
1278,187,2025-09-12,completed
1279,187,2025-09-19,completed
1280,187,2025-10-17,completed
1281,187,2025-10-19,completed
1282,187,2025-11-26,completed
1283,188,2025-11-24,completed
1284,189,2025-11-15,completed
1285,189,2025-11-19,completed
1286,189,2025-11-21,completed
1287,189,2025-11-30,completed
1288,189,2025-12-03,completed
1289,190,2025-10-28,cancelled
1290,191,2025-01-17,completed
1291,191,2025-04-11,completed
1292,191,2025-04-18,completed
1293,191,2025-05-05,completed
1294,191,2025-05-21,completed
1295,191,2025-05-24,completed
1296,191,2025-05-28,completed
1297,191,2025-05-29,completed
1298,191,2025-09-07,completed
1299,191,2025-12-14,completed
1300,191,2025-12-24,completed
1301,192,2025-11-16,completed
1302,192,2025-11-24,completed
1303,192,2025-11-27,completed
1304,192,2025-11-28,completed
1305,192,2025-12-08,completed
1306,192,2025-12-16,completed
1307,192,2025-12-19,completed
1308,192,2025-12-20,completed
1309,193,2025-11-18,completed
1310,193,2025-12-05,completed
1311,193,2025-12-06,completed
1312,193,2025-12-14,completed
1313,193,2025-12-16,cancelled
1314,193,2025-12-21,completed
1315,193,2025-12-31,completed
1316,194,2025-01-18,completed
1317,194,2025-05-23,completed
1318,194,2025-08-03,completed
1319,194,2025-08-12,completed
1320,194,2025-08-31,cancelled
1321,194,2025-10-13,completed
1322,195,2025-05-01,completed
1323,195,2025-06-08,completed
1324,195,2025-06-16,completed
1325,195,2025-06-29,completed
1326,195,2025-06-29,completed
1327,195,2025-07-14,completed
1328,195,2025-08-22,completed
1329,195,2025-09-26,completed
1330,195,2025-11-10,completed
1331,195,2025-11-11,completed
1332,195,2025-11-12,completed
1333,195,2025-11-12,completed
1334,196,2025-05-21,completed
1335,196,2025-06-22,completed
1336,196,2025-08-08,completed
1337,196,2025-08-27,completed
1338,196,2025-09-05,completed
1339,196,2025-10-22,cancelled
1340,196,2025-10-29,completed
1341,197,2025-10-10,completed
1342,198,2025-06-03,completed
1343,198,2025-07-02,cancelled
1344,198,2025-07-07,completed
1345,198,2025-08-15,completed
1346,198,2025-08-31,completed
1347,198,2025-10-09,completed
1348,198,2025-12-12,completed
1349,199,2025-03-14,completed
1350,199,2025-03-18,completed
1351,199,2025-05-11,completed
1352,199,2025-05-31,completed
1353,199,2025-08-12,completed
1354,199,2025-08-20,completed
1355,200,2025-12-09,completed
1356,200,2025-12-26,completed
1357,201,2025-03-12,completed
1358,201,2025-03-21,completed
1359,201,2025-04-04,completed
1360,201,2025-04-14,completed
1361,201,2025-04-24,completed
1362,201,2025-06-15,completed
1363,201,2025-07-08,completed
1364,201,2025-07-09,completed
1365,201,2025-07-15,completed
1366,201,2025-09-25,completed
1367,202,2025-01-19,completed
1368,202,2025-08-10,completed
1369,202,2025-09-07,completed
1370,202,2025-09-21,completed
1371,202,2025-12-08,completed
1372,203,2025-07-05,completed
1373,203,2025-09-05,completed
1374,203,2025-09-22,completed
1375,203,2025-09-24,completed
1376,203,2025-10-16,completed
1377,203,2025-10-25,completed
1378,203,2025-11-17,completed
1379,203,2025-11-24,completed
1380,204,2025-04-21,cancelled
1381,205,2025-03-06,completed
1382,205,2025-03-07,completed
1383,205,2025-03-19,completed
1384,205,2025-03-22,completed
1385,205,2025-04-08,completed
1386,205,2025-05-15,completed
1387,205,2025-05-20,completed
1388,205,2025-07-24,completed
1389,206,2025-01-22,completed
1390,206,2025-02-09,completed
1391,206,2025-03-07,completed
1392,206,2025-03-31,completed
1393,206,2025-04-04,completed
1394,206,2025-04-13,completed
1395,206,2025-04-23,completed
1396,206,2025-05-21,completed
1397,206,2025-05-27,completed
1398,206,2025-06-10,completed
1399,206,2025-07-09,cancelled
1400,206,2025-08-19,completed
1401,206,2025-09-25,completed
1402,206,2025-09-29,completed
1403,206,2025-10-08,completed
1404,207,2025-01-10,completed
1405,207,2025-01-16,completed
1406,207,2025-02-02,cancelled
1407,207,2025-02-14,completed
1408,207,2025-02-23,completed
1409,207,2025-03-16,completed
1410,207,2025-03-24,completed
1411,207,2025-03-25,completed
1412,207,2025-04-10,completed
1413,207,2025-06-24,completed
1414,207,2025-06-25,completed
1415,207,2025-06-29,completed
1416,207,2025-07-19,completed
1417,207,2025-08-10,completed
1418,207,2025-09-03,completed
1419,207,2025-09-20,completed
1420,207,2025-09-25,completed
1421,207,2025-10-01,completed
1422,207,2025-11-14,completed
1423,207,2025-11-20,completed
1424,207,2025-12-20,completed
1425,208,2025-01-02,completed
1426,209,2025-07-01,completed
1427,209,2025-09-01,completed
1428,209,2025-10-07,completed
1429,209,2025-10-13,completed
1430,210,2025-05-15,completed
1431,210,2025-05-17,completed
1432,210,2025-05-19,completed
1433,211,2025-11-27,cancelled
1434,211,2025-11-30,completed
1435,211,2025-12-04,completed
1436,212,2025-09-16,completed
1437,212,2025-09-22,completed
1438,212,2025-09-27,completed
1439,212,2025-09-28,completed
1440,212,2025-10-16,completed
1441,212,2025-11-01,completed
1442,213,2025-12-23,completed
1443,214,2025-03-22,completed
1444,214,2025-03-30,completed
1445,214,2025-04-30,completed
1446,215,2025-01-11,completed
1447,216,2025-10-06,completed
1448,216,2025-10-09,completed
1449,216,2025-10-17,completed
1450,216,2025-10-24,completed
1451,216,2025-10-29,completed
1452,216,2025-10-30,completed
1453,217,2025-10-07,completed
1454,217,2025-10-16,completed
1455,217,2025-12-30,completed
1456,217,2025-12-31,cancelled
1457,218,2025-11-03,completed
1458,218,2025-11-04,completed
1459,218,2025-11-12,completed
1460,218,2025-11-13,completed
1461,218,2025-11-14,completed
1462,218,2025-11-16,completed
1463,218,2025-11-27,completed
1464,218,2025-11-30,completed
1465,218,2025-12-01,completed
1466,218,2025-12-01,cancelled
1467,218,2025-12-25,completed
1468,218,2025-12-26,completed
1469,218,2025-12-30,completed
1470,219,2025-02-12,completed
1471,219,2025-05-09,completed
1472,219,2025-08-25,completed
1473,220,2025-11-28,completed
1474,220,2025-12-01,completed
1475,220,2025-12-07,completed
1476,220,2025-12-11,completed
1477,220,2025-12-22,completed
1478,220,2025-12-23,completed
1479,221,2025-01-05,completed
1480,221,2025-01-06,completed
1481,221,2025-01-14,completed
1482,221,2025-04-05,completed
1483,221,2025-04-17,completed
1484,221,2025-09-26,completed
1485,222,2025-06-03,completed
1486,222,2025-07-02,completed
1487,222,2025-10-25,completed
1488,222,2025-12-07,completed
1489,222,2025-12-28,completed
1490,223,2025-01-14,completed
1491,223,2025-02-07,completed
1492,223,2025-02-15,completed
1493,223,2025-02-21,completed
1494,223,2025-03-20,completed
1495,223,2025-03-31,completed
1496,223,2025-04-19,completed
1497,223,2025-04-22,completed
1498,223,2025-06-14,completed
1499,223,2025-07-04,cancelled
1500,223,2025-07-17,completed
1501,223,2025-07-19,completed
1502,223,2025-07-23,completed
1503,223,2025-08-22,completed
1504,223,2025-11-08,completed
1505,223,2025-12-17,completed
1506,224,2025-08-31,completed
1507,224,2025-09-15,completed
1508,224,2025-10-18,completed
1509,224,2025-11-06,completed
1510,225,2025-12-03,completed
1511,226,2025-04-28,completed
1512,226,2025-05-02,completed
1513,226,2025-05-29,completed
1514,226,2025-10-16,completed
1515,227,2025-11-17,cancelled
1516,227,2025-11-17,completed
1517,227,2025-11-17,completed
1518,227,2025-12-01,cancelled
1519,227,2025-12-04,completed
1520,227,2025-12-05,completed
1521,227,2025-12-17,completed
1522,227,2025-12-21,completed
1523,227,2025-12-25,completed
1524,227,2025-12-27,completed
1525,228,2025-03-17,completed
1526,228,2025-04-30,completed
1527,228,2025-06-01,completed
1528,228,2025-06-29,completed
1529,228,2025-07-05,completed
1530,228,2025-08-13,completed
1531,228,2025-09-28,completed
1532,228,2025-11-21,completed
1533,228,2025-12-04,completed
1534,228,2025-12-06,completed
1535,229,2025-01-14,completed
1536,229,2025-02-02,cancelled
1537,229,2025-02-09,completed
1538,229,2025-03-08,completed
1539,229,2025-03-18,completed
1540,229,2025-03-20,completed
1541,229,2025-04-06,completed
1542,229,2025-05-21,completed
1543,229,2025-07-14,completed
1544,229,2025-07-16,completed
1545,229,2025-08-12,completed
1546,229,2025-08-20,completed
1547,229,2025-08-25,completed
1548,229,2025-09-10,completed
1549,229,2025-09-11,completed
1550,229,2025-09-12,completed
1551,229,2025-09-16,cancelled
1552,229,2025-09-30,completed
1553,229,2025-10-05,completed
1554,229,2025-10-22,completed
1555,229,2025-11-09,completed
1556,229,2025-11-11,completed
1557,229,2025-11-12,completed
1558,229,2025-11-16,completed
1559,229,2025-11-18,completed
1560,229,2025-12-06,completed
1561,230,2025-04-24,completed
1562,230,2025-08-05,completed
1563,230,2025-08-18,completed
1564,230,2025-11-23,completed
1565,230,2025-12-20,completed
1566,231,2025-03-21,completed
1567,231,2025-10-20,completed
1568,232,2025-05-08,completed
1569,232,2025-07-16,completed
1570,232,2025-07-25,completed
1571,232,2025-11-18,completed
1572,232,2025-11-26,completed
1573,233,2025-03-07,completed
1574,233,2025-03-14,completed
1575,233,2025-03-15,completed
1576,233,2025-03-27,completed
1577,233,2025-03-29,completed
1578,233,2025-03-30,completed
1579,233,2025-04-07,completed
1580,233,2025-04-18,completed
1581,233,2025-05-02,completed
1582,233,2025-05-02,completed
1583,233,2025-05-05,completed
1584,233,2025-05-19,completed
1585,233,2025-05-20,completed
1586,233,2025-05-22,completed
1587,233,2025-05-23,completed
1588,233,2025-05-31,completed
1589,234,2025-01-12,completed
1590,234,2025-02-14,completed
1591,234,2025-05-01,completed
1592,234,2025-12-13,completed
1593,235,2025-03-27,completed
1594,235,2025-11-03,completed
1595,235,2025-11-14,completed
1596,236,2025-09-02,completed
1597,236,2025-09-17,completed
1598,236,2025-09-21,cancelled
1599,236,2025-10-07,completed
1600,237,2025-01-22,completed
1601,237,2025-09-22,completed
1602,238,2025-11-15,completed
1603,238,2025-11-15,completed
1604,238,2025-11-21,completed
1605,238,2025-11-25,completed
1606,238,2025-11-25,cancelled
1607,238,2025-11-26,completed
1608,238,2025-12-11,completed
1609,238,2025-12-20,completed
1610,238,2025-12-29,completed
1611,239,2025-12-03,completed
1612,239,2025-12-09,completed
1613,239,2025-12-11,completed
1614,239,2025-12-16,completed
1615,239,2025-12-28,completed
1616,240,2025-07-29,completed
1617,240,2025-08-12,completed
1618,240,2025-08-15,completed
1619,240,2025-09-20,completed
1620,240,2025-09-26,completed
1621,240,2025-12-08,completed
1622,240,2025-12-29,completed
1623,240,2025-12-30,completed
1624,241,2025-04-10,completed
1625,242,2025-11-14,completed
1626,243,2025-06-02,completed
1627,243,2025-07-07,cancelled
1628,243,2025-08-04,completed
1629,243,2025-08-31,completed
1630,243,2025-09-06,completed
1631,243,2025-10-23,completed
1632,243,2025-11-01,completed
1633,243,2025-11-01,completed
1634,244,2025-05-23,completed
1635,244,2025-06-04,completed
1636,245,2025-11-27,completed
1637,245,2025-11-29,completed
1638,245,2025-12-22,completed
1639,245,2025-12-31,completed
1640,245,2025-12-31,completed
1641,245,2025-12-31,completed
1642,246,2025-02-21,completed
1643,246,2025-03-06,completed
1644,246,2025-04-17,completed
1645,246,2025-05-08,completed
1646,246,2025-06-10,completed
1647,246,2025-07-22,completed
1648,246,2025-07-30,completed
1649,246,2025-08-04,completed
1650,246,2025-09-21,completed
1651,246,2025-11-28,cancelled
1652,246,2025-12-30,completed
1653,247,2025-10-16,completed
1654,247,2025-10-19,completed
1655,247,2025-10-22,completed
1656,247,2025-10-23,completed
1657,247,2025-11-15,completed
1658,247,2025-11-16,completed
1659,247,2025-11-18,completed
1660,247,2025-12-05,completed
1661,247,2025-12-06,completed
1662,248,2025-03-27,completed
1663,248,2025-11-25,completed
1664,248,2025-12-14,completed
1665,249,2025-09-18,completed
1666,249,2025-10-09,completed
1667,249,2025-10-09,completed
1668,249,2025-10-19,completed
1669,249,2025-11-03,completed
1670,249,2025-12-18,completed
1671,249,2025-12-29,completed
1672,250,2025-07-27,completed
1673,250,2025-07-30,completed
1674,250,2025-08-08,completed
1675,251,2025-01-16,completed
1676,251,2025-01-24,completed
1677,251,2025-02-28,completed
1678,251,2025-07-14,completed
1679,251,2025-09-18,completed
1680,252,2025-04-26,completed
1681,252,2025-05-02,completed
1682,252,2025-06-28,completed
1683,252,2025-07-14,completed
1684,252,2025-07-29,completed
1685,252,2025-08-07,completed
1686,252,2025-08-09,completed
1687,252,2025-08-10,completed
1688,252,2025-10-09,completed
1689,252,2025-10-14,completed
1690,252,2025-12-06,completed
1691,252,2025-12-08,completed
1692,252,2025-12-25,completed
1693,253,2025-01-28,completed
1694,253,2025-02-08,completed
1695,253,2025-02-23,completed
1696,253,2025-03-09,completed
1697,253,2025-03-14,completed
1698,253,2025-03-25,completed
1699,253,2025-04-01,completed
1700,253,2025-05-16,completed
1701,253,2025-05-17,completed
1702,253,2025-05-17,completed
1703,253,2025-06-21,completed
1704,253,2025-07-07,completed
1705,253,2025-08-12,completed
1706,253,2025-08-19,completed
1707,253,2025-09-02,completed
1708,253,2025-09-20,completed
1709,253,2025-10-11,completed
1710,253,2025-10-28,completed
1711,253,2025-11-05,completed
1712,253,2025-12-29,completed
1713,254,2025-04-12,completed
1714,255,2025-11-06,completed
1715,256,2025-07-19,completed
1716,256,2025-07-21,completed
1717,256,2025-07-23,completed
1718,256,2025-07-25,completed
1719,256,2025-08-01,completed
1720,256,2025-08-03,completed
1721,256,2025-08-09,completed
1722,256,2025-08-09,completed
1723,256,2025-08-22,completed
1724,256,2025-08-24,completed
1725,256,2025-08-28,completed
1726,256,2025-08-31,completed
1727,256,2025-09-02,completed
1728,256,2025-09-02,cancelled
1729,256,2025-09-03,completed
1730,256,2025-09-16,completed
1731,256,2025-09-25,completed
1732,256,2025-10-02,completed
1733,256,2025-10-07,completed
1734,256,2025-10-07,completed
1735,256,2025-10-11,cancelled
1736,256,2025-10-18,completed
1737,256,2025-10-21,completed
1738,256,2025-10-26,completed
1739,256,2025-10-30,completed
1740,256,2025-11-02,completed
1741,256,2025-11-08,completed
1742,256,2025-11-09,completed
1743,256,2025-12-10,completed
1744,256,2025-12-24,completed
1745,256,2025-12-28,completed
1746,257,2025-09-07,completed
1747,257,2025-09-28,completed
1748,257,2025-09-28,completed
1749,257,2025-10-03,completed
1750,257,2025-10-21,completed
1751,257,2025-11-04,completed
1752,257,2025-12-16,completed
1753,257,2025-12-31,completed
1754,258,2025-01-17,completed
1755,258,2025-01-18,completed
1756,258,2025-01-22,completed
1757,258,2025-02-19,completed
1758,258,2025-02-25,completed
1759,259,2025-03-18,completed
1760,259,2025-03-21,completed
1761,259,2025-04-02,completed
1762,259,2025-04-12,completed
1763,259,2025-04-13,cancelled
1764,259,2025-06-07,completed
1765,259,2025-06-15,completed
1766,259,2025-06-27,completed
1767,259,2025-07-02,completed
1768,259,2025-07-05,completed
1769,259,2025-07-07,completed
1770,259,2025-07-15,completed
1771,259,2025-07-18,completed
1772,259,2025-07-26,completed
1773,259,2025-09-06,completed
1774,259,2025-09-07,completed
1775,259,2025-09-07,completed
1776,259,2025-09-09,completed
1777,259,2025-09-11,completed
1778,259,2025-09-27,completed
1779,259,2025-10-25,completed
1780,259,2025-11-14,completed
1781,259,2025-11-29,cancelled
1782,259,2025-12-01,completed
1783,260,2025-04-10,completed
1784,261,2025-04-11,completed
1785,261,2025-04-13,completed
1786,261,2025-11-09,completed
1787,261,2025-12-26,completed
1788,262,2025-05-30,completed
1789,262,2025-10-14,completed
1790,263,2025-10-07,completed
1791,263,2025-10-08,completed
1792,264,2025-09-15,completed
1793,265,2025-09-07,completed
1794,265,2025-10-24,completed
1795,266,2025-12-23,completed
1796,267,2025-09-09,completed
1797,268,2025-08-25,completed
1798,268,2025-09-26,completed
1799,268,2025-10-03,completed
1800,268,2025-10-31,completed
1801,268,2025-11-09,completed
1802,268,2025-12-03,completed
1803,268,2025-12-10,completed
1804,268,2025-12-15,completed
1805,268,2025-12-28,completed
1806,269,2025-05-26,completed
1807,269,2025-08-22,completed
1808,269,2025-11-24,completed
1809,270,2025-05-10,completed
1810,270,2025-05-18,completed
1811,270,2025-06-06,completed
1812,270,2025-07-20,completed
1813,270,2025-08-10,completed
1814,270,2025-08-16,completed
1815,271,2025-09-03,completed
1816,271,2025-10-08,completed
1817,272,2025-03-18,completed
1818,272,2025-04-14,completed
1819,272,2025-05-04,completed
1820,272,2025-05-06,completed
1821,272,2025-05-19,completed
1822,272,2025-06-02,completed
1823,272,2025-07-19,completed
1824,272,2025-07-30,completed
1825,272,2025-10-28,completed
1826,272,2025-12-06,completed
1827,272,2025-12-31,completed
1828,273,2025-01-03,completed
1829,273,2025-01-13,completed
1830,273,2025-01-14,completed
1831,273,2025-01-20,completed
1832,273,2025-01-21,completed
1833,274,2025-09-25,cancelled
1834,274,2025-10-02,completed
1835,275,2025-01-30,completed
1836,275,2025-03-14,completed
1837,275,2025-03-30,completed
1838,275,2025-05-08,completed
1839,275,2025-05-23,completed
1840,275,2025-06-11,completed
1841,275,2025-06-27,completed
1842,275,2025-08-07,completed
1843,275,2025-08-13,completed
1844,275,2025-09-02,completed
1845,275,2025-11-09,completed
1846,275,2025-11-09,completed
1847,276,2025-09-02,completed
1848,276,2025-09-10,completed
1849,276,2025-09-17,completed
1850,276,2025-09-18,completed
1851,276,2025-09-18,completed
1852,277,2025-07-19,completed
1853,277,2025-08-03,completed
1854,277,2025-08-11,completed
1855,277,2025-08-19,completed
1856,277,2025-08-23,completed
1857,277,2025-09-05,completed
1858,277,2025-09-11,completed
1859,277,2025-09-26,completed
1860,277,2025-09-27,completed
1861,277,2025-10-05,completed
1862,277,2025-10-05,completed
1863,278,2025-08-15,completed
1864,278,2025-09-03,completed
1865,278,2025-09-12,completed
1866,278,2025-09-15,completed
1867,278,2025-09-26,completed
1868,278,2025-11-23,completed
1869,279,2025-05-22,completed
1870,279,2025-05-27,completed
1871,279,2025-06-07,completed
1872,279,2025-07-09,completed
1873,279,2025-08-11,completed
1874,279,2025-08-21,completed
1875,279,2025-08-27,completed
1876,279,2025-09-23,completed
1877,279,2025-09-26,completed
1878,279,2025-09-28,completed
1879,279,2025-10-02,completed
1880,279,2025-10-02,completed
1881,279,2025-10-03,completed
1882,279,2025-11-09,completed
1883,280,2025-02-08,completed
1884,280,2025-02-21,completed
1885,280,2025-03-01,completed
1886,280,2025-03-07,completed
1887,280,2025-05-07,cancelled
1888,280,2025-05-17,completed
1889,280,2025-07-29,completed
1890,280,2025-08-16,completed
1891,280,2025-08-24,completed
1892,280,2025-08-28,completed
1893,280,2025-09-15,completed
1894,280,2025-09-25,completed
1895,280,2025-10-03,completed
1896,280,2025-11-07,cancelled
1897,280,2025-11-15,completed
1898,280,2025-12-01,completed
1899,280,2025-12-22,completed
1900,281,2025-09-04,completed
1901,282,2025-07-14,completed
1902,282,2025-07-23,completed
1903,282,2025-08-09,completed
1904,282,2025-08-20,completed
1905,282,2025-09-23,completed
1906,282,2025-10-24,completed
1907,282,2025-10-28,completed
1908,282,2025-11-01,completed
1909,282,2025-11-07,completed
1910,282,2025-11-09,completed
1911,282,2025-11-15,completed
1912,282,2025-11-22,completed
1913,282,2025-12-02,completed
1914,282,2025-12-24,completed
1915,283,2025-06-07,completed
1916,283,2025-06-23,completed
1917,283,2025-06-23,completed
1918,283,2025-06-28,completed
1919,283,2025-08-31,completed
1920,283,2025-09-04,completed
1921,283,2025-09-08,completed
1922,283,2025-09-10,cancelled
1923,283,2025-09-21,completed
1924,284,2025-04-14,completed
1925,284,2025-06-27,completed
1926,284,2025-10-30,completed
1927,284,2025-11-23,completed
1928,284,2025-12-10,completed
1929,284,2025-12-13,cancelled
1930,284,2025-12-24,completed
1931,285,2025-03-18,completed
1932,285,2025-07-13,completed
1933,286,2025-06-14,completed
1934,286,2025-06-19,completed
1935,286,2025-06-29,completed
1936,286,2025-07-07,completed
1937,286,2025-07-16,completed
1938,286,2025-10-30,completed
1939,287,2025-01-07,completed
1940,287,2025-01-11,completed
1941,287,2025-02-15,completed
1942,287,2025-04-17,completed
1943,287,2025-04-24,completed
1944,287,2025-06-10,completed
1945,287,2025-07-11,completed
1946,287,2025-08-05,completed
1947,287,2025-08-26,completed
1948,287,2025-09-16,completed
1949,287,2025-10-03,completed
1950,287,2025-10-27,completed
1951,287,2025-11-18,completed
1952,287,2025-12-03,completed
1953,288,2025-05-06,completed
1954,288,2025-06-19,completed
1955,288,2025-06-19,completed
1956,288,2025-09-12,completed
1957,288,2025-09-20,completed
1958,288,2025-09-28,completed
1959,288,2025-10-30,completed
1960,289,2025-02-21,completed
1961,289,2025-03-23,completed
1962,289,2025-04-21,completed
1963,289,2025-05-19,completed
1964,289,2025-05-20,completed
1965,289,2025-10-17,cancelled
1966,289,2025-10-30,completed
1967,289,2025-12-20,cancelled
1968,289,2025-12-27,completed
1969,290,2025-01-07,completed
1970,290,2025-01-31,completed
1971,291,2025-08-15,completed
1972,291,2025-09-04,completed
1973,291,2025-09-08,completed
1974,291,2025-09-18,completed
1975,291,2025-09-28,completed
1976,291,2025-10-03,completed
1977,291,2025-10-06,completed
1978,291,2025-10-16,completed
1979,291,2025-10-18,completed
1980,291,2025-10-19,completed
1981,291,2025-11-02,completed
1982,291,2025-11-14,completed
1983,291,2025-11-26,completed
1984,292,2025-09-23,completed
1985,293,2025-11-30,completed
1986,294,2025-07-17,completed
1987,294,2025-07-25,completed
1988,294,2025-07-26,completed
1989,294,2025-08-05,cancelled
1990,294,2025-09-15,completed
1991,294,2025-09-19,completed
1992,294,2025-09-29,completed
1993,294,2025-10-09,completed
1994,294,2025-10-22,completed
1995,294,2025-10-22,completed
1996,294,2025-10-31,completed
1997,294,2025-11-09,completed
1998,294,2025-11-14,cancelled
1999,294,2025-11-28,completed
2000,294,2025-11-30,completed
2001,294,2025-12-01,completed
2002,294,2025-12-02,completed
2003,294,2025-12-09,completed
2004,294,2025-12-10,completed
2005,294,2025-12-20,completed
2006,295,2025-07-22,cancelled
2007,295,2025-07-27,completed
2008,295,2025-08-16,completed
2009,295,2025-08-29,completed
2010,295,2025-09-14,completed
2011,295,2025-09-20,completed
2012,295,2025-10-07,completed
2013,295,2025-10-19,completed
2014,295,2025-10-28,completed
2015,295,2025-11-03,completed
2016,295,2025-11-05,completed
2017,295,2025-11-14,completed
2018,295,2025-11-23,completed
2019,295,2025-12-02,completed
2020,295,2025-12-13,completed
2021,296,2025-07-06,completed
2022,297,2025-01-14,completed
2023,297,2025-01-26,completed
2024,297,2025-03-08,completed
2025,297,2025-03-14,completed
2026,297,2025-05-10,completed
2027,297,2025-05-29,completed
2028,297,2025-06-07,completed
2029,297,2025-06-12,completed
2030,297,2025-06-15,completed
2031,298,2025-06-15,cancelled
2032,298,2025-08-25,completed
2033,298,2025-09-24,completed
2034,298,2025-10-02,cancelled
2035,299,2025-01-02,completed
2036,299,2025-01-09,completed
2037,299,2025-02-09,completed
2038,299,2025-02-16,completed
2039,299,2025-02-17,completed
2040,299,2025-02-26,completed
2041,299,2025-03-02,completed
2042,299,2025-03-04,completed
2043,299,2025-03-12,completed
2044,299,2025-03-21,completed
2045,299,2025-04-29,completed
2046,299,2025-04-30,completed
2047,299,2025-05-06,completed
2048,299,2025-05-07,completed
2049,299,2025-05-13,completed
2050,299,2025-05-22,completed
2051,299,2025-05-29,completed
2052,299,2025-06-08,completed
2053,299,2025-06-13,completed
2054,299,2025-06-14,completed
2055,299,2025-06-16,completed
2056,299,2025-06-18,completed
2057,299,2025-06-22,completed
2058,299,2025-07-26,completed
2059,299,2025-08-04,completed
2060,299,2025-08-06,completed
2061,299,2025-08-30,completed
2062,299,2025-09-09,completed
2063,299,2025-09-13,completed
2064,299,2025-09-16,completed
2065,299,2025-10-07,completed
2066,299,2025-10-09,completed
2067,300,2025-01-30,completed
2068,300,2025-02-12,completed
2069,300,2025-02-13,completed
2070,300,2025-02-19,completed
2071,300,2025-03-07,cancelled
2072,300,2025-04-17,completed
2073,300,2025-04-21,completed
2074,300,2025-04-22,completed
2075,300,2025-04-24,completed
2076,300,2025-04-25,completed
2077,300,2025-04-25,completed
2078,300,2025-05-02,completed
2079,300,2025-05-05,completed
2080,300,2025-05-12,completed
2081,300,2025-05-22,completed
2082,300,2025-05-28,completed
2083,300,2025-06-02,completed
2084,300,2025-06-08,completed
2085,300,2025-06-19,completed
2086,300,2025-06-29,completed
2087,300,2025-07-24,completed
2088,300,2025-08-05,completed
2089,300,2025-10-31,completed
