order_id,product_id,quantity,unit_price
1,3,2,15
1,8,1,20
1,11,1,28
1,7,1,25
2,13,1,185
2,11,1,28
2,14,3,55
3,24,1,89
3,11,1,28
3,2,1,20
4,2,1,20
4,10,3,22
4,8,1,20
4,16,1,40
5,18,2,28
6,19,1,45
6,26,1,95
6,25,1,55
7,9,1,30
7,6,1,18
7,4,2,35
8,24,2,89
8,10,1,22
9,6,1,18
9,12,2,15
9,10,2,22
10,16,2,40
10,1,1,12
10,23,1,30
10,14,1,55
11,10,1,22
11,4,2,35
12,14,1,55
12,13,1,185
12,17,1,35
13,7,1,25
13,3,1,15
14,18,1,28
14,15,1,60
15,3,1,15
16,18,2,28
16,23,1,30
17,17,3,35
17,15,1,60
18,18,1,28
18,15,1,60
19,24,2,89
20,2,1,20
20,14,3,55
20,11,1,28
21,21,2,75
21,4,2,35
21,12,1,15
22,9,1,30
22,3,1,15
23,28,3,39
23,22,2,35
23,21,1,75
24,4,3,35
24,12,1,15
25,28,1,39
25,22,1,35
25,23,2,30
25,11,1,28
26,1,1,12
26,9,1,30
26,10,2,22
27,3,1,15
27,11,1,28
27,8,1,20
28,14,1,55
29,18,3,28
30,8,3,20
31,16,2,40
31,3,1,15
31,17,1,35
31,26,2,95
32,20,2,120
32,6,2,18
32,28,1,39
33,11,1,28
33,22,1,35
34,16,2,40
35,9,1,30
35,19,1,45
36,11,1,28
37,25,2,55
38,10,1,22
38,2,1,20
38,1,1,12
38,4,2,35
38,6,1,18
39,11,1,28
39,25,3,55
39,2,1,20
40,6,1,18
40,8,2,20
40,17,1,35
41,15,1,60
41,7,1,25
41,16,1,40
42,12,1,15
42,28,1,39
43,19,2,45
43,21,1,75
44,22,1,35
44,28,1,39
45,2,3,20
45,12,1,15
45,7,3,25
45,8,1,20
46,9,2,30
46,12,1,15
46,6,1,18
46,23,2,30
47,2,1,20
47,8,1,20
48,1,3,12
48,10,1,22
49,2,1,20
49,10,1,22
49,19,2,45
49,4,1,35
49,22,1,35
50,18,1,28
50,9,1,30
50,14,1,55
51,19,1,45
52,6,3,18
52,9,1,30
53,3,2,15
53,12,1,15
54,23,2,30
54,25,2,55
54,27,2,49
55,22,2,35
55,3,1,15
55,24,1,89
56,17,1,35
56,16,2,40
56,18,1,28
56,15,1,60
56,14,1,55
57,19,2,45
57,28,2,39
58,14,1,55
58,15,3,60
58,12,1,15
59,16,1,40
59,14,1,55
59,1,1,12
60,10,3,22
60,12,1,15
60,6,2,18
61,2,1,20
62,5,2,65
62,8,2,20
63,3,1,15
63,10,1,22
63,9,1,30
63,8,2,20
63,7,1,25
64,8,1,20
64,12,1,15
65,27,1,49
66,9,1,30
67,17,2,35
67,16,1,40
67,10,1,22
67,20,1,120
68,16,1,40
68,13,1,185
68,18,1,28
69,1,2,12
69,11,1,28
70,3,1,15
70,9,1,30
70,11,1,28
70,17,1,35
71,8,1,20
72,25,1,55
72,16,1,40
73,15,1,60
73,13,1,185
73,17,2,35
73,22,1,35
73,18,1,28
74,2,1,20
74,8,1,20
74,11,1,28
75,9,1,30
75,19,1,45
76,6,1,18
77,7,1,25
77,1,1,12
77,9,1,30
77,6,3,18
77,10,2,22
78,20,1,120
78,28,1,39
78,26,2,95
79,25,1,55
80,8,1,20
81,17,2,35
82,23,3,30
82,28,1,39
82,27,2,49
83,20,2,120
84,7,1,25
85,11,2,28
85,14,1,55
86,22,1,35
87,19,1,45
87,25,1,55
87,27,1,49
88,8,3,20
88,1,1,12
89,9,1,30
90,6,1,18
90,12,1,15
91,21,1,75
91,16,1,40
91,8,3,20
91,28,1,39
92,20,1,120
92,23,1,30
92,17,1,35
92,21,2,75
93,22,1,35
93,26,1,95
94,19,1,45
94,28,3,39
94,13,3,185
94,25,1,55
95,10,2,22
96,17,1,35
96,18,1,28
96,16,1,40
96,8,1,20
96,19,1,45
97,6,1,18
97,7,1,25
97,11,2,28
98,7,1,25
98,19,2,45
99,25,1,55
99,19,2,45
99,20,1,120
100,6,1,18
100,12,1,15
101,19,1,45
101,27,1,49
101,7,1,25
101,24,1,89
102,25,2,55
102,10,1,22
102,23,1,30
102,17,1,35
103,12,2,15
103,7,1,25
103,23,3,30
104,6,1,18
105,23,2,30
105,27,2,49
105,25,1,55
105,14,1,55
105,4,2,35
106,2,2,20
106,12,2,15
107,14,1,55
107,15,3,60
108,3,2,15
108,9,1,30
109,6,1,18
109,28,2,39
109,12,1,15
110,26,1,95
110,16,1,40
111,18,1,28
111,10,1,22
111,5,1,65
111,1,1,12
111,11,1,28
112,1,3,12
112,8,1,20
113,22,1,35
113,3,1,15
113,24,2,89
114,9,3,30
114,3,1,15
115,17,1,35
115,21,1,75
115,15,1,60
115,1,1,12
116,23,1,30
116,26,1,95
117,12,3,15
117,1,1,12
117,25,3,55
117,2,1,20
118,10,1,22
118,1,2,12
118,6,1,18
119,28,2,39
120,1,1,12
120,12,3,15
120,10,1,22
120,11,1,28
120,2,3,20
121,17,1,35
121,16,1,40
121,19,2,45
122,8,1,20
122,1,1,12
122,3,1,15
123,10,1,22
123,2,1,20
124,7,2,25
124,1,2,12
125,4,1,35
125,7,1,25
126,10,1,22
126,1,1,12
127,5,3,65
127,8,1,20
128,8,3,20
128,5,1,65
128,28,1,39
128,2,3,20
129,4,2,35
129,1,2,12
129,27,1,49
129,11,1,28
129,3,1,15
130,10,1,22
131,15,2,60
131,26,1,95
132,18,1,28
132,15,1,60
132,3,1,15
132,16,3,40
132,17,1,35
133,2,1,20
134,18,1,28
134,15,1,60
135,28,1,39
136,2,2,20
136,20,1,120
136,9,1,30
136,14,1,55
136,7,2,25
137,3,2,15
137,26,1,95
138,10,1,22
138,5,1,65
139,10,1,22
139,2,2,20
140,11,1,28
140,6,1,18
141,6,1,18
141,9,1,30
142,10,2,22
142,3,3,15
143,7,1,25
144,24,1,89
144,12,1,15
144,21,1,75
145,11,1,28
145,3,1,15
145,6,1,18
146,21,1,75
146,26,1,95
147,14,2,55
147,21,1,75
147,15,1,60
147,18,2,28
147,6,1,18
148,17,1,35
148,14,1,55
148,15,1,60
149,18,2,28
149,14,3,55
150,27,2,49
151,24,1,89
151,23,1,30
151,22,1,35
151,18,1,28
151,10,1,22
152,12,1,15
153,27,2,49
153,19,2,45
154,10,1,22
155,8,1,20
155,15,2,60
155,2,1,20
155,1,1,12
156,1,1,12
156,6,1,18
157,26,1,95
158,9,2,30
159,1,1,12
159,7,1,25
159,11,2,28
160,3,2,15
160,9,1,30
161,3,1,15
161,21,1,75
161,12,1,15
161,9,2,30
162,10,1,22
163,27,1,49
163,19,1,45
164,16,1,40
164,18,1,28
164,17,1,35
165,28,2,39
165,3,1,15
165,15,1,60
165,22,1,35
165,26,1,95
166,12,1,15
166,13,1,185
166,4,1,35
167,12,1,15
167,5,1,65
168,18,1,28
168,16,1,40
168,23,1,30
168,13,1,185
169,3,1,15
169,19,2,45
169,12,2,15
170,21,1,75
171,1,1,12
171,8,1,20
171,11,1,28
172,18,1,28
172,16,3,40
172,17,1,35
172,13,3,185
173,19,1,45
173,6,1,18
173,28,1,39
173,27,1,49
174,1,2,12
174,12,2,15
175,11,1,28
176,20,2,120
176,25,2,55
176,28,1,39
177,17,1,35
177,1,2,12
178,2,1,20
178,25,3,55
178,18,1,28
179,22,1,35
180,27,1,49
180,20,2,120
181,8,1,20
181,1,1,12
181,6,1,18
182,13,1,185
182,5,1,65
183,18,2,28
184,23,1,30
185,9,1,30
186,28,1,39
187,20,2,120
187,26,1,95
188,22,1,35
188,28,1,39
188,27,1,49
188,26,1,95
189,11,1,28
190,17,1,35
190,18,1,28
190,13,1,185
191,28,1,39
192,19,1,45
192,28,1,39
193,1,1,12
194,7,1,25
194,12,1,15
194,4,1,35
194,1,2,12
195,27,3,49
195,28,1,39
195,23,1,30
196,9,1,30
196,19,3,45
196,3,2,15
197,14,2,55
197,13,1,185
197,17,1,35
197,16,2,40
197,18,2,28
198,18,1,28
199,9,1,30
199,4,1,35
200,28,1,39
200,10,1,22
201,3,3,15
201,27,3,49
201,10,1,22
202,28,2,39
202,22,1,35
202,3,2,15
202,6,1,18
202,5,2,65
203,6,1,18
204,1,1,12
205,25,1,55
205,21,1,75
205,2,2,20
205,23,1,30
205,17,1,35
206,4,1,35
207,25,1,55
207,22,1,35
208,4,1,35
208,3,1,15
208,8,1,20
208,11,1,28
208,21,1,75
209,9,1,30
210,23,1,30
211,17,1,35
211,16,2,40
212,7,1,25
212,2,1,20
213,2,1,20
213,10,2,22
213,16,2,40
214,24,1,89
214,23,1,30
215,12,1,15
215,22,2,35
215,16,1,40
216,22,2,35
216,26,2,95
216,10,1,22
216,16,1,40
216,6,1,18
217,11,2,28
218,2,1,20
218,11,1,28
218,24,1,89
218,25,1,55
218,10,1,22
219,10,1,22
219,18,1,28
220,8,2,20
220,7,2,25
221,6,2,18
221,11,1,28
221,8,1,20
221,17,1,35
221,9,1,30
222,2,1,20
222,10,1,22
222,14,2,55
223,1,1,12
224,9,1,30
225,23,2,30
226,6,1,18
227,24,1,89
227,17,1,35
228,6,2,18
228,27,1,49
228,18,1,28
228,12,1,15
229,15,1,60
229,18,1,28
229,23,1,30
230,8,1,20
230,2,1,20
231,4,2,35
231,7,1,25
231,12,1,15
232,12,1,15
233,19,2,45
233,28,1,39
234,17,1,35
234,18,1,28
234,14,1,55
235,20,2,120
235,14,3,55
236,6,1,18
236,12,1,15
236,11,1,28
237,17,1,35
238,5,1,65
238,11,1,28
239,28,1,39
240,28,1,39
240,23,1,30
240,19,1,45
240,22,1,35
241,4,1,35
241,22,1,35
242,12,2,15
242,3,3,15
243,8,1,20
243,3,1,15
243,1,1,12
243,6,1,18
244,28,1,39
245,1,1,12
245,18,1,28
246,9,1,30
246,12,1,15
247,17,1,35
247,6,1,18
248,19,1,45
249,5,1,65
250,5,1,65
250,8,1,20
251,8,2,20
251,4,1,35
251,23,1,30
251,3,1,15
251,2,3,20
252,2,1,20
252,7,2,25
253,2,1,20
253,1,1,12
253,18,1,28
254,2,2,20
254,6,2,18
254,12,1,15
254,8,2,20
255,2,2,20
255,5,1,65
255,10,1,22
256,1,3,12
256,23,1,30
257,10,1,22
258,18,1,28
258,21,1,75
259,8,1,20
259,19,1,45
259,4,1,35
260,14,2,55
260,1,1,12
260,5,1,65
260,24,1,89
261,15,1,60
261,16,3,40
262,10,1,22
263,22,1,35
263,16,2,40
263,13,2,185
263,10,2,22
264,16,1,40
264,9,1,30
264,13,1,185
265,14,2,55
265,13,2,185
265,11,1,28
266,5,2,65
266,11,1,28
266,10,1,22
266,3,1,15
267,19,1,45
268,8,1,20
268,11,1,28
268,19,1,45
269,3,2,15
269,25,1,55
269,23,1,30
269,8,1,20
270,26,1,95
270,22,1,35
270,4,2,35
271,15,1,60
271,19,2,45
272,10,2,22
272,1,3,12
272,2,1,20
272,3,1,15
273,5,1,65
273,9,1,30
273,11,1,28
274,12,1,15
274,19,1,45
275,5,1,65
275,24,2,89
275,8,1,20
276,5,1,65
276,4,3,35
276,12,2,15
277,7,1,25
278,1,1,12
278,12,2,15
278,11,1,28
278,22,2,35
279,12,1,15
279,3,3,15
279,10,1,22
279,6,1,18
279,9,1,30
280,16,1,40
280,27,1,49
280,7,1,25
280,26,2,95
281,27,1,49
281,23,1,30
282,21,2,75
282,10,3,22
282,26,2,95
283,20,1,120
283,26,1,95
283,24,1,89
283,28,1,39
283,12,1,15
284,13,2,185
284,16,1,40
284,15,3,60
285,7,1,25
285,5,1,65
285,2,1,20
286,22,1,35
286,27,1,49
287,15,1,60
288,20,1,120
288,8,1,20
289,6,2,18
290,22,2,35
291,12,1,15
291,1,2,12
291,3,1,15
292,8,1,20
292,15,1,60
292,2,1,20
293,11,1,28
293,3,1,15
293,25,1,55
294,16,2,40
295,13,1,185
296,6,2,18
297,3,1,15
297,12,1,15
297,24,1,89
298,6,3,18
299,20,2,120
299,24,1,89
299,13,2,185
300,21,1,75
301,18,1,28
302,26,1,95
302,1,1,12
303,25,2,55
303,8,1,20
304,12,1,15
304,1,1,12
304,5,1,65
305,6,2,18
306,12,2,15
306,1,1,12
307,4,1,35
307,1,1,12
308,27,1,49
309,19,1,45
310,12,1,15
310,3,1,15
311,1,1,12
312,23,2,30
312,4,1,35
312,15,2,60
313,25,1,55
313,1,1,12
313,18,2,28
314,27,1,49
314,23,2,30
315,15,1,60
315,14,1,55
315,26,1,95
315,17,2,35
316,12,2,15
316,1,1,12
317,15,1,60
317,17,1,35
318,5,1,65
318,14,1,55
319,2,1,20
320,16,1,40
320,19,2,45
320,27,1,49
320,15,1,60
320,14,1,55
321,4,1,35
322,4,3,35
323,10,2,22
323,13,1,185
324,23,2,30
325,7,1,25
325,4,3,35
325,16,2,40
325,2,3,20
325,1,2,12
326,18,2,28
326,13,2,185
327,11,1,28
327,1,1,12
328,18,1,28
328,14,2,55
328,12,1,15
328,17,3,35
328,13,1,185
329,7,2,25
329,18,1,28
329,12,1,15
329,5,1,65
330,3,3,15
331,16,1,40
331,13,1,185
331,17,3,35
332,12,2,15
332,26,1,95
332,2,1,20
332,1,1,12
333,4,1,35
333,19,1,45
333,11,1,28
334,6,1,18
334,7,1,25
334,11,1,28
335,23,1,30
335,25,1,55
336,7,1,25
337,3,2,15
337,5,1,65
338,23,1,30
338,18,2,28
338,7,1,25
338,14,1,55
338,27,1,49
339,14,1,55
339,6,1,18
340,5,2,65
340,17,1,35
340,11,1,28
340,10,1,22
340,12,1,15
341,8,1,20
341,15,1,60
341,2,1,20
341,1,1,12
342,24,3,89
342,22,1,35
343,19,1,45
344,2,1,20
344,7,1,25
344,12,1,15
345,6,1,18
346,8,1,20
346,2,2,20
346,4,1,35
346,1,1,12
347,7,1,25
347,6,1,18
348,17,1,35
348,12,1,15
348,7,2,25
349,6,2,18
349,7,2,25
350,1,1,12
350,27,1,49
351,11,1,28
351,4,1,35
351,23,2,30
351,1,1,12
352,17,1,35
353,2,1,20
354,28,1,39
355,3,1,15
356,1,1,12
357,12,2,15
357,4,1,35
357,1,1,12
358,4,1,35
358,7,1,25
359,2,3,20
359,6,1,18
359,12,2,15
360,3,1,15
360,8,1,20
361,6,1,18
361,7,1,25
361,16,1,40
361,9,2,30
361,17,1,35
362,6,3,18
363,22,1,35
363,25,2,55
363,8,1,20
364,18,1,28
365,19,2,45
365,28,1,39
366,7,1,25
367,17,1,35
368,23,2,30
369,17,1,35
369,9,1,30
369,12,1,15
370,13,1,185
371,1,1,12
372,16,1,40
372,1,2,12
373,12,1,15
374,5,3,65
374,15,1,60
375,21,1,75
375,17,2,35
375,10,1,22
376,13,3,185
376,26,2,95
376,14,1,55
377,8,1,20
377,3,3,15
377,4,1,35
377,11,1,28
378,3,2,15
379,5,1,65
379,11,1,28
379,23,1,30
379,13,1,185
379,15,2,60
380,7,1,25
381,2,1,20
382,25,1,55
382,22,1,35
383,9,1,30
383,26,2,95
383,6,2,18
383,5,2,65
384,17,1,35
384,16,1,40
384,15,1,60
385,28,2,39
385,14,1,55
385,21,1,75
385,3,1,15
385,22,1,35
386,12,3,15
386,3,1,15
386,16,1,40
387,18,1,28
387,3,1,15
388,17,1,35
388,4,2,35
389,11,2,28
389,6,1,18
389,3,2,15
390,3,1,15
390,8,1,20
390,12,1,15
391,19,1,45
391,27,1,49
392,4,1,35
393,17,2,35
393,8,1,20
393,14,3,55
394,1,1,12
394,8,1,20
394,11,1,28
395,28,1,39
395,19,1,45
395,21,1,75
395,27,1,49
395,25,2,55
396,24,1,89
396,10,1,22
396,11,1,28
397,15,2,60
397,5,2,65
397,17,1,35
398,17,2,35
398,3,1,15
398,16,2,40
399,8,3,20
400,20,2,120
400,16,1,40
401,1,3,12
402,16,2,40
402,6,1,18
402,13,2,185
403,1,2,12
403,9,1,30
403,28,3,39
404,12,1,15
404,3,1,15
404,2,1,20
404,6,2,18
405,24,1,89
405,12,2,15
406,12,1,15
406,5,2,65
406,14,1,55
406,1,1,12
406,3,1,15
407,3,2,15
407,12,1,15
408,18,1,28
408,15,1,60
408,14,2,55
408,20,2,120
408,16,2,40
409,11,1,28
410,22,1,35
410,27,1,49
411,10,1,22
411,5,1,65
411,3,1,15
412,11,2,28
413,24,1,89
414,10,1,22
414,4,1,35
415,4,1,35
415,11,2,28
415,16,1,40
415,28,2,39
415,8,2,20
416,2,1,20
416,7,1,25
416,9,1,30
416,8,3,20
417,19,1,45
418,10,3,22
418,6,1,18
418,17,1,35
419,22,1,35
419,6,1,18
420,22,1,35
420,5,1,65
421,22,1,35
421,27,1,49
422,14,1,55
422,3,1,15
423,23,1,30
423,28,2,39
423,11,2,28
423,24,1,89
423,25,2,55
424,12,1,15
425,1,2,12
425,9,2,30
426,23,1,30
427,4,1,35
427,6,2,18
428,21,2,75
429,1,1,12
429,10,3,22
430,21,2,75
430,28,3,39
431,19,1,45
432,1,1,12
432,18,1,28
433,12,1,15
434,8,1,20
434,9,1,30
435,3,1,15
435,8,1,20
436,9,1,30
437,7,1,25
437,1,1,12
437,10,1,22
438,1,1,12
439,15,1,60
439,19,1,45
440,18,1,28
440,28,2,39
440,11,2,28
441,18,1,28
441,11,1,28
442,11,1,28
442,3,1,15
442,2,1,20
442,6,2,18
443,17,1,35
443,12,1,15
444,28,2,39
444,20,1,120
445,19,1,45
445,3,1,15
445,9,1,30
446,18,1,28
446,23,1,30
447,3,1,15
448,20,2,120
448,11,1,28
448,27,2,49
448,24,1,89
449,19,2,45
449,28,3,39
449,15,1,60
449,23,1,30
449,1,3,12
450,1,1,12
451,14,2,55
452,7,1,25
452,3,1,15
453,17,1,35
453,3,3,15
453,18,1,28
453,25,1,55
454,9,1,30
454,3,3,15
454,4,1,35
454,20,1,120
455,9,1,30
455,27,2,49
456,20,1,120
456,26,1,95
456,15,1,60
456,27,1,49
457,25,1,55
457,1,1,12
457,23,1,30
458,15,1,60
458,17,1,35
458,18,1,28
459,6,1,18
459,8,2,20
459,11,2,28
460,4,1,35
460,6,1,18
461,3,3,15
461,1,1,12
462,18,1,28
462,17,1,35
462,27,1,49
462,16,1,40
462,7,2,25
463,15,1,60
463,16,1,40
463,4,2,35
464,3,1,15
465,5,1,65
466,17,2,35
466,27,1,49
466,18,3,28
466,16,2,40
466,15,1,60
467,27,1,49
467,25,1,55
468,8,1,20
468,1,1,12
468,11,3,28
469,12,1,15
469,16,1,40
470,6,1,18
470,26,1,95
470,2,1,20
471,3,1,15
471,27,1,49
471,7,3,25
471,25,1,55
472,21,1,75
472,13,3,185
472,28,1,39
472,11,1,28
473,27,1,49
473,22,2,35
473,2,1,20
474,9,1,30
475,16,2,40
475,13,1,185
475,20,1,120
475,14,1,55
476,13,3,185
476,11,1,28
477,1,1,12
477,12,2,15
477,11,1,28
478,1,1,12
478,11,1,28
478,12,2,15
478,9,1,30
478,7,1,25
479,3,3,15
479,11,1,28
479,12,1,15
479,10,3,22
480,23,2,30
481,8,1,20
481,1,1,12
482,26,2,95
482,19,1,45
483,12,1,15
484,17,2,35
485,21,1,75
485,5,1,65
485,13,1,185
485,28,1,39
486,21,1,75
486,24,1,89
486,25,1,55
487,6,1,18
487,18,1,28
488,28,1,39
488,19,1,45
488,1,1,12
489,20,1,120
489,27,2,49
489,4,2,35
489,12,1,15
490,6,1,18
491,25,1,55
492,11,1,28
492,1,1,12
492,18,2,28
492,6,1,18
492,4,1,35
493,15,1,60
493,7,1,25
493,20,1,120
493,16,1,40
493,25,3,55
494,21,1,75
494,26,2,95
495,6,2,18
495,1,3,12
496,17,1,35
497,18,1,28
497,20,1,120
498,10,2,22
498,9,1,30
498,4,1,35
498,2,1,20
499,14,2,55
499,22,1,35
499,18,1,28
499,1,1,12
499,17,1,35
500,2,3,20
500,6,1,18
501,27,1,49
501,26,2,95
502,7,1,25
502,8,1,20
503,3,1,15
503,18,1,28
504,27,1,49
504,26,1,95
504,23,2,30
505,3,1,15
505,11,1,28
505,12,1,15
505,18,1,28
505,10,1,22
506,24,1,89
507,10,1,22
507,4,2,35
507,3,1,15
508,22,1,35
509,26,2,95
510,23,1,30
510,17,1,35
510,25,1,55
510,26,1,95
510,24,1,89
511,4,1,35
511,12,1,15
512,8,3,20
512,5,1,65
513,7,1,25
513,28,1,39
514,17,1,35
515,7,1,25
515,3,3,15
515,5,2,65
515,2,1,20
515,1,1,12
516,9,3,30
516,2,2,20
517,11,3,28
517,22,1,35
517,5,2,65
518,2,2,20
518,9,3,30
519,20,1,120
519,26,1,95
519,10,1,22
519,18,1,28
519,3,2,15
520,14,1,55
520,13,1,185
521,12,1,15
521,25,1,55
521,3,3,15
521,7,1,25
522,14,1,55
522,17,1,35
523,15,1,60
523,4,1,35
524,4,1,35
525,9,1,30
525,3,2,15
525,14,1,55
525,5,2,65
526,7,2,25
526,18,1,28
526,3,1,15
527,8,1,20
527,2,1,20
528,16,1,40
528,12,1,15
528,14,2,55
528,2,3,20
529,9,1,30
529,25,2,55
530,1,1,12
530,7,1,25
530,4,1,35
531,2,1,20
531,8,1,20
532,26,1,95
532,23,2,30
532,20,3,120
533,4,1,35
533,20,1,120
534,1,1,12
534,8,2,20
535,2,1,20
535,10,1,22
535,9,1,30
535,12,1,15
535,5,1,65
536,3,1,15
537,14,1,55
537,16,1,40
537,15,3,60
538,7,1,25
538,4,2,35
539,4,1,35
539,12,1,15
539,9,1,30
540,3,1,15
540,20,1,120
540,11,1,28
540,7,1,25
540,18,1,28
541,3,1,15
541,10,1,22
541,4,1,35
542,9,1,30
542,3,1,15
542,2,1,20
542,6,1,18
542,23,1,30
543,27,2,49
543,21,1,75
544,11,2,28
544,3,1,15
545,3,1,15
545,12,1,15
546,15,1,60
546,18,3,28
546,9,1,30
547,15,1,60
547,2,1,20
547,16,1,40
548,25,1,55
548,22,3,35
549,15,1,60
549,2,1,20
550,8,2,20
550,10,2,22
550,3,2,15
551,1,3,12
552,20,1,120
553,8,1,20
554,5,1,65
554,17,2,35
555,5,1,65
555,10,2,22
556,18,2,28
557,27,2,49
558,13,1,185
558,21,1,75
558,17,1,35
558,12,1,15
558,14,1,55
559,5,1,65
560,6,1,18
560,11,2,28
560,8,1,20
561,17,1,35
561,14,1,55
562,4,2,35
562,27,1,49
562,7,1,25
563,10,1,22
563,4,2,35
563,6,3,18
563,3,1,15
564,26,2,95
564,23,1,30
564,19,1,45
564,7,1,25
564,9,1,30
565,6,1,18
565,12,3,15
566,18,3,28
566,25,1,55
567,1,2,12
567,16,1,40
567,18,1,28
567,19,1,45
568,22,2,35
568,28,1,39
569,28,2,39
569,19,1,45
570,26,2,95
570,23,3,30
570,9,1,30
570,22,1,35
571,24,1,89
571,22,1,35
571,12,2,15
572,1,1,12
572,10,2,22
573,16,1,40
573,13,1,185
574,4,1,35
575,2,1,20
576,23,1,30
576,1,1,12
577,2,1,20
578,1,1,12
578,16,1,40
578,12,2,15
578,9,3,30
579,6,2,18
579,12,1,15
580,11,2,28
580,2,2,20
581,22,1,35
582,24,1,89
582,10,1,22
583,2,3,20
583,1,1,12
584,18,1,28
584,19,1,45
584,1,3,12
585,25,1,55
586,12,1,15
587,19,1,45
588,28,1,39
588,23,1,30
589,12,1,15
590,25,1,55
591,14,2,55
591,13,2,185
591,3,1,15
591,15,1,60
591,18,1,28
592,21,1,75
593,12,1,15
594,28,1,39
595,3,1,15
595,7,1,25
595,11,1,28
595,10,1,22
595,12,3,15
596,22,1,35
596,28,1,39
596,7,1,25
596,18,1,28
597,10,1,22
597,1,3,12
597,3,1,15
598,19,1,45
598,25,1,55
598,8,1,20
598,26,1,95
599,10,1,22
600,2,2,20
600,28,3,39
600,17,1,35
601,11,1,28
602,28,1,39
602,7,1,25
603,26,1,95
603,12,1,15
604,9,2,30
604,21,1,75
604,5,1,65
604,4,2,35
605,20,2,120
605,28,1,39
605,27,1,49
606,9,3,30
606,18,2,28
606,2,1,20
606,1,1,12
606,3,1,15
607,22,1,35
607,25,1,55
607,27,1,49
608,12,2,15
608,16,3,40
608,3,2,15
608,1,2,12
608,5,1,65
609,12,1,15
610,18,1,28
610,11,1,28
610,13,1,185
611,12,1,15
611,6,1,18
612,5,1,65
613,25,1,55
614,17,2,35
614,14,2,55
614,27,2,49
614,18,2,28
615,20,1,120
616,16,1,40
617,7,1,25
617,1,1,12
617,6,1,18
617,2,1,20
617,26,1,95
618,8,1,20
619,11,1,28
619,3,1,15
620,23,1,30
620,24,2,89
620,22,1,35
620,3,1,15
620,26,1,95
621,11,1,28
621,5,1,65
621,6,2,18
621,2,1,20
622,20,1,120
623,10,1,22
623,3,1,15
623,22,2,35
623,1,3,12
624,28,2,39
624,19,1,45
625,2,1,20
625,19,1,45
625,13,1,185
625,9,2,30
626,7,1,25
627,11,1,28
627,3,2,15
627,18,2,28
628,19,3,45
628,3,1,15
629,12,1,15
629,3,2,15
630,3,2,15
630,9,1,30
630,10,3,22
630,11,2,28
630,8,3,20
631,16,1,40
631,15,2,60
631,14,1,55
631,20,1,120
632,25,1,55
633,13,1,185
633,12,1,15
634,11,3,28
634,12,2,15
635,19,1,45
636,3,1,15
636,9,1,30
636,27,1,49
636,12,1,15
637,9,3,30
638,22,1,35
638,27,2,49
639,2,1,20
639,9,1,30
640,23,1,30
640,3,1,15
641,10,1,22
642,19,1,45
642,24,1,89
642,13,1,185
642,18,1,28
643,1,1,12
643,6,2,18
644,4,1,35
644,11,1,28
644,10,2,22
644,12,1,15
644,18,1,28
645,8,1,20
645,1,1,12
645,2,1,20
645,3,1,15
646,10,2,22
646,2,1,20
647,15,1,60
647,18,1,28
647,13,1,185
648,6,1,18
648,22,1,35
648,9,1,30
649,28,1,39
649,12,2,15
650,11,2,28
651,1,1,12
651,12,1,15
651,23,2,30
651,8,1,20
651,16,1,40
652,24,1,89
652,21,1,75
652,25,1,55
652,15,1,60
652,17,3,35
653,25,1,55
653,11,3,28
654,9,1,30
654,22,1,35
654,3,1,15
655,18,2,28
655,4,1,35
655,16,3,40
656,12,2,15
657,28,1,39
658,12,1,15
659,18,1,28
659,4,3,35
659,21,2,75
660,7,1,25
660,1,1,12
660,19,2,45
661,18,1,28
661,24,2,89
662,12,1,15
663,19,1,45
664,8,2,20
664,2,2,20
665,18,3,28
666,8,1,20
667,11,1,28
668,23,1,30
668,26,1,95
668,21,1,75
668,12,1,15
668,24,1,89
669,9,1,30
669,18,1,28
669,2,1,20
669,1,1,12
670,10,1,22
670,11,1,28
670,22,1,35
670,12,1,15
671,1,2,12
672,12,1,15
672,8,1,20
673,16,1,40
673,18,1,28
674,22,1,35
675,28,1,39
675,5,1,65
676,11,1,28
676,23,1,30
676,8,1,20
677,12,2,15
677,17,2,35
677,10,2,22
677,3,1,15
678,1,2,12
678,9,1,30
678,4,3,35
678,11,1,28
679,6,1,18
680,5,1,65
681,23,1,30
682,8,2,20
682,3,1,15
682,2,1,20
682,4,2,35
683,3,3,15
683,10,2,22
683,8,1,20
683,11,2,28
684,6,1,18
685,5,1,65
685,9,1,30
685,2,1,20
685,21,1,75
686,22,1,35
686,5,1,65
686,11,1,28
687,23,1,30
688,7,1,25
688,6,1,18
688,3,1,15
689,7,1,25
689,3,1,15
690,7,1,25
690,18,2,28
691,20,1,120
691,26,1,95
691,25,1,55
691,19,1,45
691,27,2,49
692,6,1,18
692,12,2,15
693,11,1,28
693,7,1,25
693,5,1,65
694,15,1,60
694,18,2,28
695,10,2,22
695,9,1,30
696,21,3,75
697,8,1,20
697,16,1,40
697,24,1,89
697,4,1,35
697,3,2,15
698,14,1,55
699,4,1,35
699,12,1,15
700,2,1,20
701,10,2,22
701,1,1,12
701,13,1,185
701,6,1,18
702,16,1,40
702,14,1,55
703,16,1,40
703,15,1,60
703,11,2,28
703,13,1,185
704,11,3,28
704,4,1,35
704,10,2,22
705,7,1,25
705,19,3,45
705,5,1,65
706,3,2,15
707,6,1,18
707,12,1,15
708,19,1,45
709,11,2,28
709,4,1,35
710,4,2,35
711,18,1,28
711,15,1,60
711,13,1,185
712,17,2,35
712,25,2,55
712,14,3,55
712,13,1,185
713,10,3,22
714,23,1,30
715,12,2,15
716,4,1,35
716,8,1,20
717,17,1,35
717,13,1,185
717,15,3,60
717,28,2,39
718,16,1,40
718,19,2,45
718,28,1,39
718,7,1,25
718,24,1,89
719,17,3,35
719,16,1,40
720,8,1,20
720,21,1,75
720,1,1,12
720,3,3,15
721,20,1,120
721,25,2,55
721,19,1,45
721,28,1,39
721,6,1,18
722,6,1,18
722,19,1,45
722,10,1,22
723,6,1,18
723,11,1,28
723,10,1,22
723,7,2,25
723,8,1,20
724,4,2,35
724,10,2,22
725,1,1,12
725,12,1,15
725,26,2,95
726,11,1,28
726,4,1,35
727,5,1,65
728,12,1,15
728,27,1,49
728,8,1,20
729,26,1,95
730,8,1,20
730,17,1,35
730,1,1,12
731,9,1,30
731,1,1,12
731,5,1,65
731,27,1,49
731,2,1,20
732,10,1,22
733,25,2,55
733,19,3,45
734,15,2,60
735,5,2,65
736,18,1,28
737,4,3,35
738,4,1,35
738,8,1,20
738,7,2,25
738,12,1,15
739,18,2,28
739,13,1,185
740,2,1,20
740,1,1,12
740,28,2,39
740,25,3,55
740,9,2,30
741,9,1,30
741,2,1,20
741,1,2,12
742,16,2,40
743,1,2,12
743,27,3,49
743,10,2,22
744,12,2,15
745,27,1,49
745,11,1,28
746,16,2,40
746,24,2,89
747,12,1,15
748,28,1,39
748,23,1,30
748,11,3,28
748,6,1,18
748,22,3,35
749,7,3,25
749,18,1,28
750,17,2,35
750,18,2,28
750,14,2,55
750,26,1,95
750,15,2,60
751,6,1,18
751,8,1,20
752,9,1,30
752,7,1,25
753,21,1,75
753,26,1,95
754,3,1,15
754,23,1,30
755,2,2,20
755,5,2,65
755,24,2,89
755,7,1,25
755,26,2,95
756,1,1,12
757,8,2,20
757,1,1,12
758,14,1,55
758,16,3,40
758,24,1,89
759,11,1,28
759,6,2,18
760,9,1,30
760,2,3,20
760,24,1,89
761,9,1,30
762,12,1,15
763,19,1,45
764,7,2,25
764,4,2,35
765,3,1,15
766,15,3,60
767,2,1,20
767,10,1,22
767,19,1,45
768,13,1,185
768,17,2,35
768,18,1,28
768,12,2,15
769,5,1,65
769,3,1,15
769,19,1,45
770,17,2,35
770,14,1,55
771,27,1,49
772,6,1,18
772,12,1,15
772,8,1,20
773,14,1,55
774,10,1,22
774,6,3,18
774,3,1,15
775,5,1,65
776,17,1,35
776,14,2,55
776,12,1,15
777,27,1,49
777,20,1,120
778,2,1,20
778,22,2,35
779,28,1,39
780,3,1,15
780,24,1,89
780,22,1,35
781,2,1,20
782,4,2,35
782,18,1,28
782,14,1,55
783,19,2,45
783,3,1,15
783,7,1,25
784,10,1,22
784,3,3,15
784,2,1,20
785,6,1,18
785,2,1,20
785,11,1,28
785,18,1,28
785,8,3,20
786,27,1,49
787,12,1,15
788,3,2,15
788,8,1,20
789,8,3,20
789,18,3,28
790,24,1,89
790,6,3,18
790,23,1,30
791,23,3,30
791,26,3,95
791,24,3,89
791,9,1,30
792,25,1,55
792,1,1,12
792,21,1,75
792,19,1,45
792,23,1,30
793,26,1,95
793,23,1,30
794,25,3,55
794,6,1,18
795,5,1,65
795,7,1,25
795,11,1,28
795,3,1,15
796,22,2,35
796,8,2,20
797,15,1,60
797,16,1,40
798,19,2,45
798,25,1,55
798,26,1,95
799,3,1,15
799,16,1,40
799,12,1,15
800,5,1,65
801,24,1,89
802,28,1,39
802,21,1,75
802,22,1,35
803,6,1,18
803,4,1,35
803,11,1,28
804,6,1,18
804,8,1,20
805,3,1,15
805,12,1,15
805,16,1,40
806,3,1,15
807,28,2,39
808,11,1,28
809,7,1,25
809,5,1,65
809,3,2,15
810,23,1,30
810,8,1,20
810,27,1,49
811,22,2,35
811,25,1,55
811,7,1,25
811,1,1,12
811,6,1,18
812,14,1,55
812,17,1,35
813,1,1,12
813,13,2,185
814,7,3,25
814,1,1,12
814,4,1,35
814,5,2,65
815,21,2,75
815,3,1,15
815,10,1,22
815,25,1,55
815,14,2,55
816,6,2,18
817,2,1,20
817,8,1,20
817,6,1,18
817,11,1,28
818,2,1,20
818,8,1,20
818,28,2,39
819,9,1,30
819,6,1,18
819,18,1,28
820,1,1,12
820,27,2,49
820,11,1,28
821,11,1,28
821,2,1,20
822,3,2,15
822,2,1,20
822,10,2,22
823,3,2,15
823,7,1,25
824,3,1,15
824,7,3,25
824,12,2,15
824,10,2,22
825,13,1,185
826,18,1,28
827,3,3,15
827,18,2,28
828,1,3,12
829,8,1,20
829,5,1,65
829,12,3,15
830,28,1,39
831,10,2,22
831,11,1,28
832,6,2,18
832,10,1,22
832,15,1,60
833,18,1,28
833,19,1,45
834,14,3,55
835,8,2,20
836,7,1,25
836,6,1,18
836,26,3,95
836,4,2,35
837,27,1,49
838,2,1,20
838,24,1,89
838,9,1,30
839,4,2,35
840,7,1,25
840,2,1,20
840,19,2,45
841,12,1,15
841,6,2,18
841,25,2,55
842,10,1,22
842,6,1,18
842,28,1,39
843,11,1,28
843,4,1,35
843,3,1,15
843,18,1,28
844,7,1,25
845,1,1,12
845,12,1,15
846,20,2,120
846,12,1,15
846,26,1,95
846,24,2,89
846,7,1,25
847,24,1,89
847,19,1,45
848,6,1,18
848,11,2,28
848,10,1,22
848,14,1,55
848,18,1,28
849,1,1,12
849,18,1,28
849,12,2,15
849,27,1,49
849,28,2,39
850,12,1,15
850,1,2,12
850,2,1,20
850,10,3,22
851,11,1,28
851,27,1,49
851,12,1,15
852,8,3,20
852,3,1,15
852,6,3,18
853,10,1,22
854,17,1,35
854,11,2,28
855,21,1,75
855,25,1,55
855,28,1,39
855,27,1,49
855,24,1,89
856,9,1,30
856,8,2,20
856,3,3,15
857,17,1,35
858,7,1,25
858,24,1,89
859,2,1,20
859,9,1,30
859,5,1,65
859,10,1,22
860,10,1,22
860,5,1,65
860,2,1,20
861,20,1,120
861,8,1,20
861,26,1,95
861,28,1,39
861,27,2,49
862,28,3,39
862,20,1,120
863,9,1,30
864,12,3,15
865,23,1,30
865,28,3,39
866,14,1,55
866,16,1,40
867,18,2,28
867,25,1,55
867,13,1,185
868,20,1,120
869,12,2,15
869,18,1,28
869,5,1,65
870,9,1,30
870,12,1,15
870,18,1,28
870,8,1,20
870,22,2,35
871,9,2,30
872,8,1,20
872,28,3,39
873,25,1,55
874,22,1,35
875,23,1,30
875,6,1,18
875,27,1,49
876,1,1,12
876,26,1,95
877,11,1,28
878,25,1,55
879,21,2,75
880,7,1,25
880,17,1,35
880,15,1,60
881,23,1,30
881,26,1,95
882,18,1,28
883,22,3,35
883,24,3,89
883,27,1,49
883,1,1,12
884,1,1,12
885,3,1,15
885,8,3,20
885,11,1,28
885,7,1,25
886,15,1,60
886,14,1,55
886,10,1,22
887,9,1,30
888,22,2,35
888,28,3,39
888,6,1,18
888,26,1,95
889,10,1,22
889,2,1,20
889,3,2,15
889,1,1,12
890,6,1,18
890,8,1,20
891,27,1,49
891,17,1,35
891,16,2,40
892,12,1,15
893,11,1,28
894,1,1,12
895,1,3,12
895,7,1,25
896,7,1,25
896,2,2,20
897,7,3,25
898,25,2,55
898,27,1,49
898,20,3,120
899,6,1,18
899,11,1,28
899,23,1,30
900,1,1,12
900,8,3,20
900,11,1,28
900,10,1,22
901,15,2,60
902,7,1,25
902,12,2,15
903,23,2,30
903,27,1,49
904,5,1,65
904,12,1,15
905,21,1,75
905,8,1,20
905,18,2,28
905,24,1,89
906,5,3,65
906,7,1,25
906,11,1,28
907,4,1,35
907,11,1,28
907,8,1,20
907,2,1,20
908,5,1,65
908,8,1,20
908,11,2,28
908,2,1,20
908,9,1,30
909,24,1,89
910,6,1,18
910,19,1,45
911,23,1,30
911,4,1,35
911,5,3,65
912,1,1,12
912,25,2,55
913,12,1,15
913,6,1,18
914,7,1,25
914,3,2,15
914,22,1,35
915,14,1,55
915,6,2,18
916,12,2,15
916,24,1,89
917,17,1,35
917,15,3,60
918,15,1,60
919,3,1,15
919,10,2,22
920,4,1,35
920,9,1,30
920,10,2,22
920,7,2,25
921,17,1,35
921,14,1,55
921,1,1,12
922,10,1,22
922,1,1,12
923,17,1,35
923,3,1,15
923,14,1,55
923,6,1,18
924,17,1,35
924,18,1,28
924,14,1,55
924,15,1,60
925,3,1,15
926,14,1,55
927,24,1,89
927,19,1,45
928,11,1,28
928,3,3,15
928,1,1,12
929,7,1,25
929,3,1,15
929,4,2,35
930,1,1,12
930,24,1,89
931,17,2,35
931,13,1,185
931,16,2,40
931,14,1,55
932,20,1,120
933,3,2,15
934,3,1,15
935,26,1,95
935,21,1,75
936,16,1,40
937,3,1,15
938,6,1,18
938,19,1,45
938,9,1,30
939,9,2,30
940,3,1,15
940,7,1,25
940,10,2,22
940,11,1,28
941,2,2,20
941,9,1,30
942,7,1,25
942,8,1,20
942,6,1,18
943,26,1,95
943,12,1,15
944,16,2,40
944,13,1,185
945,26,1,95
946,22,1,35
946,6,1,18
946,4,2,35
946,20,1,120
946,24,2,89
947,26,1,95
947,22,1,35
947,23,1,30
947,4,1,35
948,22,2,35
948,27,1,49
948,16,1,40
948,28,1,39
949,19,2,45
950,23,1,30
950,11,1,28
951,2,1,20
952,2,2,20
953,1,2,12
953,8,1,20
954,28,1,39
954,1,2,12
954,19,2,45
954,3,1,15
954,23,1,30
955,16,1,40
955,22,1,35
956,26,1,95
956,11,1,28
956,22,1,35
957,21,3,75
957,6,1,18
958,16,1,40
959,12,1,15
960,18,1,28
961,16,2,40
962,26,1,95
962,19,1,45
963,13,1,185
963,18,1,28
963,6,1,18
963,14,1,55
964,3,2,15
964,11,2,28
964,2,1,20
964,7,1,25
964,23,1,30
965,6,3,18
965,9,1,30
965,2,1,20
965,10,2,22
966,8,2,20
966,3,2,15
967,11,2,28
968,23,1,30
969,1,1,12
969,9,1,30
970,17,3,35
970,18,2,28
971,23,1,30
971,27,1,49
972,21,1,75
972,28,2,39
972,27,1,49
973,28,2,39
974,1,1,12
974,8,1,20
975,8,1,20
976,11,1,28
976,1,1,12
976,3,1,15
976,16,2,40
977,11,1,28
977,5,1,65
977,3,1,15
977,1,1,12
977,19,1,45
978,6,3,18
978,28,1,39
979,13,1,185
979,15,1,60
979,17,2,35
979,14,1,55
980,7,1,25
980,4,3,35
981,27,1,49
981,19,1,45
982,3,2,15
982,8,2,20
983,27,2,49
983,22,1,35
983,3,3,15
984,14,1,55
984,17,1,35
984,12,1,15
984,18,1,28
984,15,1,60
985,22,1,35
985,6,3,18
986,27,1,49
986,19,1,45
987,26,1,95
987,23,1,30
987,16,1,40
987,20,1,120
987,19,2,45
988,11,1,28
989,19,1,45
989,24,1,89
989,22,1,35
990,10,1,22
990,1,1,12
991,23,1,30
991,27,2,49
992,27,1,49
992,20,1,120
993,23,1,30
993,25,1,55
994,19,1,45
994,5,1,65
994,14,1,55
994,2,1,20
995,26,3,95
996,17,2,35
996,14,1,55
996,21,2,75
996,18,1,28
996,12,1,15
997,19,1,45
997,23,1,30
998,11,1,28
998,2,1,20
998,28,2,39
998,3,2,15
999,7,2,25
999,13,2,185
1000,11,1,28
1000,22,1,35
1000,6,1,18
1000,25,3,55
1000,3,1,15
1001,22,2,35
1002,24,3,89
1003,1,1,12
1003,10,1,22
1003,7,1,25
1004,12,1,15
1004,4,1,35
1004,1,2,12
1005,12,2,15
1005,1,2,12
1006,8,1,20
1006,3,2,15
1006,2,1,20
1006,5,1,65
1006,22,1,35
1007,25,2,55
1007,2,1,20
1008,11,1,28
1008,6,2,18
1009,8,1,20
1009,3,1,15
1009,1,1,12
1009,27,1,49
1010,17,1,35
1010,8,1,20
1011,6,1,18
1011,26,1,95
1011,8,3,20
1011,27,1,49
1012,4,2,35
1012,8,1,20
1013,21,1,75
1014,19,2,45
1015,8,1,20
1015,3,1,15
1015,2,1,20
1016,2,3,20
1017,25,1,55
1017,6,1,18
1018,14,3,55
1018,15,1,60
1019,14,2,55
1019,8,3,20
1020,24,1,89
1021,16,1,40
1022,6,1,18
1022,7,1,25
1023,14,1,55
1023,13,2,185
1024,19,1,45
1024,10,1,22
1024,24,1,89
1025,3,1,15
1025,12,1,15
1025,15,1,60
1025,11,3,28
1026,7,2,25
1026,6,3,18
1026,3,1,15
1026,4,1,35
1027,8,2,20
1028,4,1,35
1028,12,1,15
1028,7,1,25
1028,11,1,28
1028,10,1,22
1029,16,3,40
1030,6,1,18
1031,13,1,185
1032,23,2,30
1032,28,1,39
1033,1,1,12
1034,16,1,40
1034,15,1,60
1034,13,2,185
1034,3,1,15
1034,10,1,22
1035,9,1,30
1035,8,1,20
1035,4,1,35
1036,11,1,28
1037,3,2,15
1038,24,2,89
1039,10,3,22
1039,24,1,89
1040,28,1,39
1040,21,1,75
1040,22,1,35
1040,23,1,30
1040,11,1,28
1041,7,1,25
1041,3,1,15
1041,5,1,65
1042,17,2,35
1042,2,2,20
1042,16,1,40
1043,23,1,30
1043,28,2,39
1044,25,1,55
1044,4,1,35
1044,19,1,45
1045,2,1,20
1045,11,1,28
1045,8,1,20
1046,17,1,35
1046,27,1,49
1047,19,1,45
1048,21,2,75
1048,5,1,65
1048,24,2,89
1048,6,1,18
1048,17,1,35
1049,3,1,15
1050,25,1,55
1051,7,1,25
1051,3,1,15
1051,4,2,35
1052,23,2,30
1052,2,1,20
1053,3,1,15
1054,15,1,60
1055,1,2,12
1055,17,1,35
1056,17,1,35
1056,18,1,28
1057,22,1,35
1058,10,1,22
1058,6,1,18
1059,28,2,39
1059,19,1,45
1060,27,2,49
1060,19,3,45
1060,25,3,55
1061,20,1,120
1061,25,1,55
1061,28,1,39
1061,27,2,49
1061,10,1,22
1062,5,1,65
1063,23,1,30
1063,26,1,95
1063,27,2,49
1064,19,2,45
1064,2,2,20
1064,28,2,39
1064,27,1,49
1065,1,1,12
1065,6,1,18
1065,9,1,30
1065,2,1,20
1065,12,1,15
1066,12,1,15
1066,6,1,18
1066,2,2,20
1067,17,1,35
1067,18,1,28
1067,13,1,185
1068,10,2,22
1068,3,2,15
1068,4,1,35
1069,23,2,30
1069,3,2,15
1069,26,1,95
1070,21,1,75
1070,25,1,55
1070,26,1,95
1071,13,1,185
1071,14,1,55
1071,3,2,15
1072,16,3,40
1072,25,2,55
1073,8,1,20
1074,22,1,35
1074,26,1,95
1074,8,1,20
1075,19,2,45
1075,2,1,20
1075,28,3,39
1076,22,1,35
1076,1,1,12
1077,18,1,28
1078,10,1,22
1079,5,2,65
1080,11,2,28
1081,6,2,18
1082,19,1,45
1082,11,1,28
1082,27,1,49
1083,23,1,30
1083,28,1,39
1084,10,1,22
1084,15,1,60
1085,20,1,120
1086,11,1,28
1086,1,1,12
1086,17,2,35
1087,20,3,120
1088,9,1,30
1088,3,1,15
1089,24,2,89
1090,14,1,55
1090,15,1,60
1090,6,1,18
1090,18,1,28
1090,19,1,45
1091,2,1,20
1091,11,1,28
1091,8,1,20
1092,15,1,60
1093,4,1,35
1093,18,2,28
1093,1,1,12
1094,26,1,95
1095,12,2,15
1096,2,1,20
1097,18,1,28
1097,14,1,55
1098,23,1,30
1098,26,1,95
1098,28,1,39
1098,27,1,49
1099,27,3,49
1099,12,2,15
1099,16,1,40
1100,22,2,35
1101,3,2,15
1101,8,2,20
1102,10,1,22
1103,25,1,55
1104,7,1,25
1105,7,1,25
1106,7,1,25
1106,3,1,15
1107,20,1,120
1108,15,1,60
1108,13,2,185
1108,17,3,35
1108,12,1,15
1109,13,1,185
1109,18,2,28
1110,9,1,30
1110,2,1,20
1111,23,1,30
1111,20,1,120
1111,5,1,65
1111,27,1,49
1112,20,1,120
1112,28,1,39
1113,20,1,120
1114,18,1,28
1115,14,2,55
1115,15,1,60
1115,2,1,20
1116,15,2,60
1116,17,1,35
1117,3,1,15
1118,3,1,15
1118,22,2,35
1118,12,1,15
1118,11,1,28
1119,12,2,15
1119,7,1,25
1120,8,3,20
1120,6,1,18
1121,12,1,15
1121,1,2,12
1121,3,2,15
1121,13,1,185
1121,16,1,40
1122,3,1,15
1122,10,1,22
1123,22,3,35
1123,15,1,60
1123,28,2,39
1124,9,2,30
1124,5,1,65
1124,8,3,20
1124,3,1,15
1125,3,1,15
1125,8,1,20
1125,6,2,18
1126,16,2,40
1126,14,3,55
1126,13,1,185
1127,21,1,75
1127,28,1,39
1127,6,1,18
1127,15,1,60
1127,24,1,89
1128,28,2,39
1129,15,1,60
1129,14,2,55
1129,16,1,40
1129,18,1,28
1130,9,1,30
1130,28,1,39
1130,23,1,30
1130,3,1,15
1130,2,1,20
1131,23,1,30
1131,11,1,28
1132,22,1,35
1132,28,1,39
1132,3,1,15
1133,20,1,120
1133,25,1,55
1133,26,1,95
1134,23,1,30
1135,17,3,35
1135,18,2,28
1136,5,1,65
1136,8,1,20
1137,3,1,15
1138,26,2,95
1138,5,1,65
1138,23,2,30
1138,22,3,35
1139,1,1,12
1139,24,3,89
1139,7,1,25
1139,8,1,20
1139,17,1,35
1140,27,2,49
1141,10,1,22
1141,1,3,12
1141,13,1,185
1141,27,1,49
1141,3,1,15
1142,17,2,35
1142,16,1,40
1142,23,2,30
1142,1,1,12
1142,19,1,45
1143,11,1,28
1144,20,1,120
1145,10,3,22
1145,3,2,15
1145,6,1,18
1145,11,1,28
1146,23,1,30
1146,1,1,12
1147,3,1,15
1147,10,1,22
1147,20,1,120
1148,2,1,20
1148,12,2,15
1149,22,3,35
1149,26,1,95
1149,6,1,18
1149,27,1,49
1150,3,1,15
1150,22,1,35
1151,7,1,25
1151,6,2,18
1151,4,1,35
1152,28,1,39
1152,23,1,30
1153,22,1,35
1154,12,2,15
1154,4,1,35
1155,16,1,40
1156,21,3,75
1157,6,1,18
1157,12,1,15
1157,18,1,28
1157,8,1,20
1158,6,1,18
1159,7,1,25
1159,8,3,20
1160,12,1,15
1160,6,2,18
1160,4,1,35
1160,7,1,25
1161,13,1,185
1161,9,1,30
1161,18,1,28
1161,8,1,20
1162,3,3,15
1162,16,3,40
1162,8,1,20
1163,10,1,22
1164,22,1,35
1164,6,1,18
1164,17,2,35
1165,7,1,25
1165,3,1,15
1165,27,1,49
1165,2,1,20
1165,21,1,75
1166,7,3,25
1166,5,2,65
1166,1,1,12
1167,9,1,30
1167,3,1,15
1167,4,3,35
1167,19,1,45
1167,22,1,35
1168,17,2,35
1168,27,1,49
1168,16,1,40
1168,6,1,18
1169,28,1,39
1169,19,1,45
1169,6,2,18
1169,22,2,35
1170,9,3,30
1170,26,1,95
1170,4,1,35
1170,22,2,35
1171,25,2,55
1171,21,2,75
1171,8,1,20
1172,22,3,35
1172,20,2,120
1172,1,2,12
1172,2,2,20
1172,4,1,35
1173,28,1,39
1173,21,1,75
1174,22,1,35
1175,8,2,20
1175,2,2,20
1176,16,1,40
1176,23,2,30
1177,17,1,35
1177,15,2,60
1177,14,1,55
1178,20,1,120
1178,8,2,20
1178,27,1,49
1178,18,1,28
1179,10,3,22
1179,4,2,35
1179,11,2,28
1179,2,1,20
1180,14,1,55
1181,3,3,15
1181,12,1,15
1181,13,1,185
1181,9,1,30
1182,25,2,55
1182,20,1,120
1183,9,1,30
1183,6,1,18
1184,23,1,30
1184,21,1,75
1185,19,1,45
1185,2,1,20
1185,6,2,18
1185,27,1,49
1185,22,1,35
1186,17,2,35
1186,11,1,28
1187,19,1,45
1187,6,2,18
1188,17,1,35
1189,27,1,49
1190,10,1,22
1190,3,1,15
1191,24,3,89
1191,19,1,45
1191,21,1,75
1192,1,1,12
1192,28,1,39
1193,13,1,185
1193,16,1,40
1193,18,1,28
1193,24,1,89
1193,4,2,35
1194,15,2,60
1194,19,1,45
1195,1,1,12
1195,10,1,22
1195,27,1,49
1195,8,1,20
1196,16,3,40
1196,26,3,95
1197,11,1,28
1197,3,1,15
1198,4,2,35
1198,9,2,30
1198,26,1,95
1198,25,1,55
1199,13,1,185
1199,12,1,15
1200,11,1,28
1200,6,1,18
1201,3,1,15
1202,28,1,39
1202,20,1,120
1203,8,1,20
1203,25,3,55
1203,17,1,35
1203,12,2,15
1203,2,2,20
1204,4,2,35
1204,11,1,28
1205,19,1,45
1205,25,1,55
1205,27,3,49
1205,28,1,39
1206,23,1,30
1206,28,1,39
1206,8,1,20
1206,1,2,12
1207,24,2,89
1207,5,2,65
1208,10,1,22
1208,2,1,20
1208,23,1,30
1209,2,2,20
1209,5,1,65
1209,27,1,49
1210,6,1,18
1210,10,1,22
1210,4,1,35
1210,12,1,15
1211,10,1,22
1212,11,1,28
1213,21,3,75
1213,12,2,15
1214,1,1,12
1215,4,1,35
1216,9,3,30
1217,16,1,40
1218,4,1,35
1219,2,1,20
1220,9,1,30
1221,1,1,12
1221,2,1,20
1221,13,1,185
1222,6,1,18
1222,8,2,20
1222,18,1,28
1222,12,1,15
1223,10,2,22
1223,1,3,12
1223,12,1,15
1223,2,1,20
1223,6,1,18
1224,11,1,28
1224,6,1,18
1224,2,2,20
1224,4,1,35
1225,21,1,75
1225,26,1,95
1225,20,1,120
1226,11,2,28
1226,27,1,49
1227,25,1,55
1227,27,3,49
1228,14,1,55
1229,18,1,28
1229,2,2,20
1229,17,1,35
1229,16,1,40
1230,9,1,30
1230,16,1,40
1230,12,2,15
1230,6,1,18
1231,16,1,40
1231,17,3,35
1232,28,1,39
1232,3,1,15
1232,23,1,30
1232,20,1,120
1233,15,1,60
1233,18,1,28
1233,27,1,49
1233,24,1,89
1233,23,1,30
1234,18,1,28
1234,8,1,20
1234,27,2,49
1235,10,1,22
1235,6,2,18
1235,2,1,20
1235,26,1,95
1236,11,2,28
1236,5,1,65
1237,3,2,15
1237,17,1,35
1238,9,2,30
1238,4,1,35
1238,8,1,20
1238,24,3,89
1239,12,2,15
1239,6,1,18
1240,6,2,18
1240,7,2,25
1241,2,1,20
1241,28,1,39
1241,16,1,40
1241,11,2,28
1242,19,1,45
1243,5,2,65
1243,10,2,22
1243,4,1,35
1244,19,1,45
1244,24,1,89
1245,6,1,18
1245,15,1,60
1245,7,2,25
1245,4,1,35
1245,22,1,35
1246,6,1,18
1247,25,1,55
1248,2,1,20
1248,11,1,28
1248,25,2,55
1248,12,2,15
1249,27,2,49
1249,18,1,28
1249,21,1,75
1250,24,3,89
1250,23,1,30
1251,3,3,15
1251,10,2,22
1252,24,1,89
1252,21,2,75
1253,27,1,49
1254,7,1,25
1254,3,2,15
1255,5,1,65
1256,27,2,49
1257,12,1,15
1258,27,1,49
1258,8,1,20
1259,13,1,185
1259,16,1,40
1260,6,2,18
1260,8,3,20
1261,15,1,60
1261,14,1,55
1262,6,2,18
1262,7,1,25
1262,13,1,185
1262,8,1,20
1262,2,1,20
1263,7,1,25
1263,5,1,65
1263,8,2,20
1263,6,1,18
1263,1,1,12
1264,28,2,39
1264,12,1,15
1265,7,1,25
1265,11,1,28
1265,1,1,12
1266,2,1,20
1266,12,1,15
1266,10,2,22
1267,7,2,25
1268,24,1,89
1269,19,1,45
1269,16,1,40
1270,4,2,35
1271,9,1,30
1271,2,1,20
1272,22,1,35
1272,13,1,185
1273,24,1,89
1273,19,1,45
1273,1,1,12
1274,27,1,49
1274,3,1,15
1274,21,1,75
1275,19,1,45
1276,1,1,12
1277,2,2,20
1277,13,1,185
1278,16,1,40
1279,10,1,22
1279,21,1,75
1280,17,3,35
1280,15,1,60
1281,3,1,15
1282,5,1,65
1282,20,1,120
1282,11,2,28
1282,10,2,22
1282,8,1,20
1283,12,1,15
1283,19,1,45
1284,23,1,30
1284,26,1,95
1284,25,1,55
1285,10,2,22
1286,1,1,12
1286,25,1,55
1287,22,1,35
1287,28,1,39
1287,17,1,35
1287,27,1,49
1288,14,1,55
1288,17,2,35
1289,23,1,30
1289,28,1,39
1290,17,2,35
1291,27,2,49
1291,20,1,120
1292,11,1,28
1292,1,1,12
1293,19,1,45
1294,11,2,28
1294,2,2,20
1295,9,2,30
1295,4,1,35
1296,20,1,120
1296,4,1,35
1297,16,1,40
1297,23,2,30
1297,18,1,28
1298,10,1,22
1299,3,1,15
1300,4,2,35
1300,11,2,28
1300,7,1,25
1301,17,1,35
1302,19,2,45
1302,28,1,39
1302,11,1,28
1303,5,1,65
1303,27,1,49
1304,23,1,30
1305,3,1,15
1305,18,1,28
1306,7,1,25
1306,26,1,95
1307,12,2,15
1307,2,3,20
1307,6,1,18
1307,22,3,35
1307,3,1,15
1308,2,1,20
1308,7,1,25
1308,12,1,15
1309,1,2,12
1309,12,3,15
1310,11,3,28
1310,9,1,30
1311,18,1,28
1311,17,1,35
1312,3,1,15
1312,12,1,15
1313,22,1,35
1313,20,1,120
1313,25,2,55
1314,18,1,28
1314,2,2,20
1315,11,1,28
1315,4,1,35
1316,2,2,20
1317,12,1,15
1317,6,1,18
1318,5,1,65
1319,12,1,15
1319,18,1,28
1320,7,2,25
1321,12,1,15
1321,3,1,15
1322,24,2,89
1322,22,1,35
1322,3,3,15
1323,16,1,40
1324,23,1,30
1324,27,2,49
1324,25,1,55
1324,24,2,89
1324,8,1,20
1325,10,1,22
1325,17,1,35
1326,16,1,40
1327,21,1,75
1327,1,3,12
1327,25,1,55
1328,26,2,95
1328,11,1,28
1328,23,1,30
1329,22,1,35
1329,25,3,55
1330,2,1,20
1330,27,3,49
1330,15,1,60
1331,28,1,39
1332,7,2,25
1332,18,2,28
1332,4,1,35
1333,19,1,45
1333,5,2,65
1333,26,1,95
1334,11,2,28
1334,2,1,20
1334,1,1,12
1334,5,3,65
1334,3,1,15
1335,10,1,22
1335,6,1,18
1336,8,2,20
1336,1,3,12
1337,3,1,15
1338,20,1,120
1339,2,1,20
1339,12,1,15
1339,7,1,25
1340,9,1,30
1340,1,1,12
1340,21,1,75
1340,6,1,18
1340,3,3,15
1341,4,1,35
1341,8,1,20
1342,11,2,28
1342,6,2,18
1343,5,1,65
1343,11,1,28
1343,8,1,20
1344,3,1,15
1345,4,2,35
1345,8,2,20
1345,9,1,30
1346,18,1,28
1346,16,1,40
1346,17,1,35
1346,14,1,55
1346,13,1,185
1347,6,1,18
1347,8,1,20
1347,14,1,55
1347,4,1,35
1348,16,1,40
1349,6,2,18
1349,10,3,22
1349,7,3,25
1349,11,1,28
1350,25,1,55
1350,23,1,30
1350,22,2,35
1350,19,2,45
1350,4,1,35
1351,1,2,12
1352,1,1,12
1352,3,1,15
1353,24,2,89
1354,6,1,18
1355,9,1,30
1356,18,3,28
1356,16,3,40
1356,15,1,60
1357,7,1,25
1357,11,1,28
1358,1,1,12
1359,24,2,89
1360,7,1,25
1360,1,1,12
1360,3,1,15
1361,10,2,22
1361,6,3,18
1362,11,1,28
1363,15,1,60
1363,16,3,40
1364,9,1,30
1364,6,3,18
1365,7,1,25
1365,2,2,20
1365,1,1,12
1366,1,1,12
1367,14,1,55
1367,18,1,28
1367,9,2,30
1368,26,1,95
1369,1,1,12
1369,12,1,15
1370,3,1,15
1370,7,1,25
1370,1,1,12
1370,12,1,15
1371,12,1,15
1371,3,2,15
1371,17,2,35
1371,24,1,89
1371,7,1,25
1372,22,1,35
1373,7,2,25
1373,28,1,39
1373,4,3,35
1373,8,1,20
1373,15,1,60
1374,9,1,30
1374,11,1,28
1375,26,2,95
1375,20,1,120
1376,12,1,15
1377,6,2,18
1378,15,1,60
1378,18,1,28
1378,16,2,40
1378,13,1,185
1378,14,1,55
1379,28,2,39
1380,23,1,30
1381,1,3,12
1382,23,1,30
1382,25,1,55
1382,28,2,39
1382,27,1,49
1383,12,1,15
1383,2,1,20
1384,11,1,28
1384,7,2,25
1385,22,1,35
1385,17,3,35
1385,26,1,95
1385,1,2,12
1385,28,1,39
1386,6,3,18
1386,9,1,30
1387,7,1,25
1387,25,1,55
1387,9,1,30
1388,10,2,22
1388,12,2,15
1388,22,2,35
1388,11,1,28
1389,10,1,22
1389,17,1,35
1389,22,1,35
1390,5,2,65
1390,11,1,28
1391,28,2,39
1391,15,1,60
1391,23,1,30
1391,10,2,22
1392,10,1,22
1392,22,2,35
1393,16,1,40
1393,14,1,55
1393,10,2,22
1393,17,1,35
1394,1,1,12
1394,12,1,15
1395,7,1,25
1395,14,1,55
1395,3,1,15
1395,22,1,35
1396,17,1,35
1397,28,1,39
1398,5,1,65
1398,2,3,20
1399,20,1,120
1400,10,3,22
1400,5,1,65
1400,1,1,12
1401,28,2,39
1402,6,2,18
1403,27,1,49
1403,21,1,75
1403,23,2,30
1403,10,1,22
1403,22,1,35
1404,4,1,35
1404,12,1,15
1405,23,1,30
1405,20,1,120
1405,10,2,22
1406,15,1,60
1407,8,1,20
1407,1,1,12
1408,12,2,15
1409,14,1,55
1409,21,2,75
1410,6,3,18
1410,11,1,28
1410,7,3,25
1411,28,2,39
1411,23,1,30
1411,27,1,49
1411,21,1,75
1412,3,1,15
1413,3,3,15
1414,3,1,15
1414,16,1,40
1415,20,2,120
1415,2,1,20
1415,27,2,49
1416,10,3,22
1417,2,2,20
1417,11,1,28
1417,7,2,25
1417,1,1,12
1418,27,2,49
1419,4,1,35
1419,19,2,45
1420,3,1,15
1420,23,1,30
1420,7,2,25
1421,23,1,30
1421,25,2,55
1421,27,1,49
1422,10,1,22
1422,6,1,18
1422,25,2,55
1422,7,1,25
1422,1,1,12
1423,28,1,39
1423,22,1,35
1424,10,3,22
1425,23,2,30
1425,24,2,89
1425,25,2,55
1426,17,1,35
1427,23,1,30
1427,12,2,15
1427,10,2,22
1427,26,2,95
1428,3,1,15
1429,21,1,75
1430,7,2,25
1430,3,1,15
1430,1,1,12
1431,27,1,49
1432,19,1,45
1433,25,2,55
1433,20,2,120
1434,16,1,40
1434,12,1,15
1435,1,2,12
1436,6,3,18
1436,16,1,40
1436,18,1,28
1437,25,1,55
1437,23,1,30
1437,22,1,35
1438,3,1,15
1438,7,3,25
1438,6,1,18
1439,11,1,28
1439,5,2,65
1439,1,2,12
1439,6,1,18
1439,4,3,35
1440,6,1,18
1441,6,2,18
1441,8,2,20
1441,11,1,28
1441,27,1,49
1441,12,1,15
1442,11,1,28
1442,1,1,12
1443,5,1,65
1443,7,1,25
1443,11,1,28
1444,16,2,40
1445,4,1,35
1445,12,1,15
1445,7,1,25
1446,3,1,15
1447,16,1,40
1447,7,1,25
1448,1,2,12
1448,9,1,30
1448,26,1,95
1449,18,3,28
1450,25,1,55
1450,19,1,45
1451,3,2,15
1452,25,1,55
1452,22,1,35
1452,21,1,75
1453,12,2,15
1453,2,1,20
1453,15,1,60
1454,1,1,12
1454,22,1,35
1454,18,2,28
1454,19,1,45
1455,12,1,15
1455,10,1,22
1455,18,3,28
1456,9,1,30
1457,16,1,40
1458,11,1,28
1459,6,1,18
1460,9,1,30
1460,14,1,55
1461,7,1,25
1462,9,2,30
1462,22,1,35
1462,1,1,12
1463,23,2,30
1463,15,1,60
1464,27,1,49
1464,4,1,35
1464,20,1,120
1465,14,1,55
1466,6,3,18
1466,4,1,35
1466,13,1,185
1467,2,1,20
1467,7,1,25
1468,4,1,35
1469,10,1,22
1469,2,2,20
1469,5,1,65
1470,7,1,25
1470,10,1,22
1470,5,1,65
1470,24,1,89
1471,7,1,25
1471,26,1,95
1471,1,1,12
1472,22,2,35
1472,26,2,95
1473,2,2,20
1473,1,1,12
1473,4,2,35
1473,8,1,20
1474,8,2,20
1475,3,1,15
1476,13,1,185
1476,22,1,35
1477,16,1,40
1477,14,1,55
1478,23,1,30
1478,27,1,49
1478,14,1,55
1478,19,1,45
1479,3,2,15
1480,15,3,60
1481,12,1,15
1481,6,3,18
1482,10,2,22
1482,4,1,35
1482,2,1,20
1483,3,1,15
1484,13,1,185
1485,22,1,35
1486,3,1,15
1486,8,1,20
1486,7,2,25
1487,13,3,185
1488,1,3,12
1488,7,1,25
1489,12,3,15
1489,5,3,65
1489,6,2,18
1490,1,1,12
1490,10,1,22
1491,21,1,75
1491,3,1,15
1492,1,1,12
1492,12,1,15
1492,9,1,30
1493,14,1,55
1493,3,2,15
1493,15,1,60
1494,18,1,28
1494,1,1,12
1495,7,2,25
1495,1,2,12
1495,28,1,39
1495,5,1,65
1496,9,1,30
1496,7,1,25
1497,18,1,28
1497,11,1,28
1497,7,1,25
1498,8,1,20
1499,8,1,20
1499,28,1,39
1500,21,2,75
1501,28,1,39
1502,10,1,22
1502,28,2,39
1502,3,1,15
1502,5,3,65
1502,1,2,12
1503,18,1,28
1504,27,1,49
1505,23,2,30
1505,22,1,35
1505,27,1,49
1506,18,2,28
1506,14,1,55
1507,2,1,20
1507,1,1,12
1508,3,2,15
1508,10,1,22
1508,28,1,39
1509,6,1,18
1509,8,1,20
1510,1,2,12
1511,12,3,15
1511,4,2,35
1511,8,1,20
1512,16,1,40
1512,14,2,55
1513,21,2,75
1513,12,3,15
1514,1,1,12
1514,10,1,22
1514,12,1,15
1515,20,1,120
1515,27,1,49
1515,25,1,55
1516,7,1,25
1516,3,1,15
1516,2,1,20
1517,8,2,20
1517,4,2,35
1517,6,1,18
1517,2,1,20
1517,1,1,12
1518,20,1,120
1519,3,1,15
1519,10,1,22
1519,7,1,25
1520,1,3,12
1521,3,3,15
1521,10,1,22
1522,6,1,18
1522,8,1,20
1522,10,1,22
1522,7,1,25
1522,12,1,15
1523,22,1,35
1523,4,1,35
1524,15,2,60
1524,18,1,28
1525,11,2,28
1525,12,1,15
1526,26,1,95
1526,21,2,75
1527,12,1,15
1527,24,1,89
1527,5,1,65
1527,1,1,12
1528,10,2,22
1529,13,2,185
1529,14,1,55
1529,17,2,35
1530,3,1,15
1530,28,1,39
1530,26,2,95
1530,13,2,185
1530,6,3,18
1531,23,2,30
1531,27,2,49
1531,5,1,65
1531,10,3,22
1532,16,2,40
1533,2,1,20
1533,9,1,30
1534,1,1,12
1534,3,1,15
1534,8,1,20
1535,12,1,15
1535,22,1,35
1536,18,1,28
1536,9,2,30
1536,25,2,55
1537,8,2,20
1537,1,1,12
1537,5,2,65
1538,4,1,35
1539,3,1,15
1539,16,1,40
1540,20,3,120
1540,22,1,35
1540,5,2,65
1541,10,1,22
1542,4,3,35
1542,19,1,45
1542,5,3,65
1542,10,1,22
1543,16,2,40
1543,2,3,20
1544,9,3,30
1544,4,1,35
1544,27,1,49
1545,18,1,28
1545,5,1,65
1546,12,1,15
1546,26,1,95
1546,3,1,15
1547,7,1,25
1547,6,1,18
1548,8,2,20
1548,1,1,12
1549,12,3,15
1549,14,1,55
1549,3,2,15
1549,1,1,12
1550,27,2,49
1551,11,1,28
1551,27,1,49
1552,19,1,45
1553,3,2,15
1554,8,1,20
1554,1,1,12
1554,6,2,18
1554,12,1,15
1555,11,1,28
1555,1,1,12
1556,18,2,28
1556,8,1,20
1556,28,2,39
1557,3,3,15
1558,22,1,35
1558,25,1,55
1558,28,1,39
1558,1,3,12
1558,9,1,30
1559,23,1,30
1559,24,1,89
1559,25,1,55
1559,26,1,95
1560,23,1,30
1560,9,3,30
1561,7,3,25
1561,5,2,65
1561,6,2,18
1562,2,1,20
1562,12,2,15
1562,23,1,30
1562,7,1,25
1562,3,1,15
1563,25,1,55
1563,10,1,22
1563,19,1,45
1564,19,1,45
1564,4,1,35
1565,28,1,39
1566,16,1,40
1566,21,1,75
1567,19,1,45
1567,27,1,49
1568,26,1,95
1568,28,1,39
1568,24,1,89
1569,20,1,120
1569,27,1,49
1569,21,1,75
1570,6,2,18
1570,11,1,28
1571,5,2,65
1571,8,1,20
1571,10,2,22
1571,21,1,75
1572,6,2,18
1572,12,1,15
1573,19,1,45
1573,27,1,49
1573,3,1,15
1573,26,1,95
1574,9,2,30
1575,4,1,35
1576,12,2,15
1576,18,1,28
1576,3,1,15
1577,24,3,89
1577,8,2,20
1577,22,3,35
1578,1,2,12
1578,12,1,15
1578,8,1,20
1578,10,1,22
1579,24,2,89
1579,26,1,95
1579,23,1,30
1579,3,1,15
1579,27,1,49
1580,2,1,20
1580,26,3,95
1581,12,2,15
1581,3,1,15
1581,4,1,35
1582,27,1,49
1582,23,2,30
1582,19,1,45
1582,16,1,40
1582,21,1,75
1583,20,1,120
1583,10,3,22
1584,7,1,25
1585,1,1,12
1586,7,1,25
1586,3,1,15
1586,5,1,65
1587,26,1,95
1587,14,1,55
1588,1,2,12
1588,6,3,18
1589,8,2,20
1589,16,2,40
1590,3,1,15
1590,12,1,15
1591,3,1,15
1591,7,1,25
1591,11,1,28
1592,16,1,40
1593,27,1,49
1593,23,1,30
1593,19,1,45
1594,6,1,18
1594,23,1,30
1595,7,1,25
1595,1,1,12
1595,26,2,95
1596,28,1,39
1596,21,1,75
1596,19,2,45
1597,3,2,15
1597,21,1,75
1598,25,2,55
1599,10,2,22
1600,22,1,35
1600,11,1,28
1601,18,1,28
1601,14,2,55
1601,16,1,40
1601,15,1,60
1601,13,1,185
1602,18,1,28
1602,16,3,40
1602,11,2,28
1602,15,2,60
1603,22,3,35
1604,25,2,55
1604,19,1,45
1604,20,1,120
1604,21,1,75
1605,27,1,49
1606,3,1,15
1607,26,1,95
1607,22,1,35
1608,22,2,35
1608,18,1,28
1609,18,1,28
1609,7,1,25
1610,15,1,60
1611,5,1,65
1611,18,1,28
1611,9,1,30
1612,6,1,18
1613,7,1,25
1613,1,1,12
1614,18,1,28
1614,14,1,55
1614,28,3,39
1614,13,1,185
1614,25,1,55
1615,22,1,35
1615,4,1,35
1616,16,2,40
1616,12,2,15
1616,15,1,60
1617,23,1,30
1618,17,1,35
1619,14,1,55
1620,4,2,35
1620,12,1,15
1621,28,3,39
1622,13,1,185
1622,14,1,55
1622,10,1,22
1622,17,1,35
1622,4,2,35
1623,12,2,15
1623,5,1,65
1623,1,3,12
1623,16,3,40
1623,11,1,28
1624,25,1,55
1625,17,1,35
1625,14,1,55
1625,19,3,45
1625,7,1,25
1626,9,1,30
1626,2,1,20
1626,1,1,12
1627,3,1,15
1627,12,2,15
1628,14,1,55
1628,16,2,40
1629,13,2,185
1629,16,1,40
1630,28,1,39
1630,10,1,22
1631,7,1,25
1632,20,2,120
1632,9,1,30
1633,24,1,89
1633,3,1,15
1633,22,1,35
1633,9,1,30
1633,1,2,12
1634,16,1,40
1635,18,2,28
1635,17,3,35
1635,16,1,40
1635,15,1,60
1636,2,1,20
1636,8,3,20
1637,16,2,40
1637,17,1,35
1637,12,3,15
1637,13,1,185
1638,26,2,95
1638,20,1,120
1639,8,1,20
1640,19,1,45
1640,2,1,20
1640,12,1,15
1641,2,1,20
1641,11,2,28
1642,16,1,40
1642,13,1,185
1643,7,1,25
1643,6,2,18
1643,5,2,65
1643,19,1,45
1644,8,2,20
1644,1,3,12
1645,12,3,15
1645,3,1,15
1645,2,1,20
1645,22,1,35
1646,21,1,75
1647,3,1,15
1647,21,1,75
1648,16,1,40
1648,18,2,28
1648,17,1,35
1649,21,1,75
1650,17,1,35
1650,14,1,55
1651,7,3,25
1652,23,2,30
1652,6,1,18
1652,17,1,35
1652,1,1,12
1653,22,1,35
1653,28,3,39
1654,4,2,35
1655,26,1,95
1655,22,1,35
1655,23,1,30
1656,20,3,120
1656,27,1,49
1657,12,1,15
1658,20,1,120
1658,24,2,89
1659,18,1,28
1660,17,1,35
1660,14,2,55
1661,4,2,35
1661,11,1,28
1661,17,1,35
1661,28,2,39
1661,16,2,40
1662,24,1,89
1663,2,1,20
1664,2,1,20
1664,16,1,40
1664,8,1,20
1665,8,1,20
1666,17,1,35
1666,13,1,185
1666,10,1,22
1667,7,1,25
1667,4,1,35
1667,2,1,20
1667,3,1,15
1667,25,2,55
1668,17,1,35
1668,19,1,45
1668,16,3,40
1669,13,1,185
1670,28,2,39
1670,20,2,120
1671,28,2,39
1671,22,1,35
1672,13,1,185
1672,19,1,45
1672,14,2,55
1672,17,1,35
1672,16,1,40
1673,1,2,12
1673,5,1,65
1674,26,1,95
1674,14,1,55
1674,19,1,45
1674,20,1,120
1675,24,2,89
1675,17,1,35
1676,5,1,65
1676,7,1,25
1676,11,3,28
1676,8,1,20
1677,7,1,25
1677,21,1,75
1677,3,3,15
1678,2,2,20
1678,11,2,28
1678,12,1,15
1679,8,2,20
1680,17,2,35
1681,2,2,20
1682,7,2,25
1683,16,3,40
1684,11,1,28
1684,1,1,12
1684,21,1,75
1685,14,1,55
1685,4,2,35
1686,14,1,55
1686,17,1,35
1687,21,1,75
1687,24,2,89
1687,10,1,22
1688,15,1,60
1689,24,2,89
1690,16,1,40
1690,23,3,30
1690,13,2,185
1690,12,1,15
1691,11,1,28
1692,11,1,28
1692,4,2,35
1692,3,1,15
1692,5,1,65
1692,2,1,20
1693,12,2,15
1694,3,2,15
1694,4,2,35
1694,10,1,22
1695,10,3,22
1696,27,1,49
1696,20,2,120
1697,4,1,35
1698,22,2,35
1698,24,1,89
1698,27,1,49
1699,3,1,15
1700,26,1,95
1700,9,1,30
1700,19,3,45
1700,22,1,35
1700,27,2,49
1701,22,1,35
1702,24,2,89
1703,22,1,35
1703,27,1,49
1703,24,3,89
1703,26,1,95
1704,2,1,20
1704,22,1,35
1704,8,1,20
1704,12,2,15
1704,10,1,22
1705,27,2,49
1706,27,2,49
1706,12,2,15
1706,21,1,75
1707,2,1,20
1707,7,1,25
1707,10,1,22
1708,28,2,39
1709,13,2,185
1709,6,1,18
1710,7,1,25
1710,1,1,12
1711,28,2,39
1711,25,1,55
1711,12,2,15
1711,7,1,25
1711,23,1,30
1712,11,1,28
1712,2,1,20
1713,19,3,45
1713,24,2,89
1714,17,1,35
1714,25,2,55
1714,13,3,185
1715,1,2,12
1715,9,1,30
1715,27,2,49
1716,11,1,28
1716,8,1,20
1717,11,1,28
1718,1,1,12
1718,11,1,28
1719,23,1,30
1719,28,1,39
1719,26,2,95
1720,3,3,15
1720,7,1,25
1720,9,1,30
1720,11,1,28
1721,6,1,18
1722,4,1,35
1722,9,1,30
1722,26,1,95
1723,10,1,22
1724,1,1,12
1725,14,3,55
1725,16,1,40
1725,15,1,60
1725,25,1,55
1726,5,2,65
1727,28,2,39
1727,1,2,12
1727,21,1,75
1728,8,1,20
1729,8,1,20
1729,3,2,15
1729,2,1,20
1729,5,1,65
1729,19,1,45
1730,22,1,35
1731,23,1,30
1731,25,1,55
1731,27,2,49
1731,9,1,30
1732,22,2,35
1732,1,1,12
1733,8,1,20
1733,15,1,60
1733,14,2,55
1733,3,2,15
1734,6,2,18
1734,11,1,28
1735,11,2,28
1735,1,1,12
1735,6,1,18
1736,22,2,35
1737,1,1,12
1737,11,1,28
1737,10,1,22
1738,3,1,15
1738,12,1,15
1739,3,1,15
1740,14,1,55
1740,25,1,55
1741,18,1,28
1742,20,1,120
1742,26,2,95
1742,28,1,39
1743,4,1,35
1743,12,2,15
1743,9,2,30
1744,3,3,15
1744,12,1,15
1744,7,3,25
1744,9,1,30
1744,11,1,28
1745,17,2,35
1745,26,2,95
1745,20,1,120
1745,18,2,28
1745,12,2,15
1746,18,1,28
1746,15,1,60
1746,17,1,35
1746,11,3,28
1746,16,1,40
1747,26,1,95
1747,21,1,75
1748,21,1,75
1749,2,1,20
1749,23,3,30
1749,3,1,15
1749,12,3,15
1749,11,1,28
1750,13,1,185
1750,17,1,35
1750,14,1,55
1750,18,2,28
1750,9,3,30
1751,10,1,22
1751,24,1,89
1751,2,1,20
1751,1,2,12
1751,22,2,35
1752,27,1,49
1753,21,1,75
1753,14,1,55
1754,7,1,25
1755,3,1,15
1755,9,1,30
1756,18,2,28
1757,13,1,185
1757,18,2,28
1757,16,1,40
1757,27,1,49
1757,14,1,55
1758,8,1,20
1759,10,1,22
1759,18,2,28
1759,5,2,65
1760,27,1,49
1760,8,1,20
1760,23,3,30
1761,19,2,45
1761,9,1,30
1762,4,1,35
1763,1,1,12
1763,12,2,15
1763,27,1,49
1764,22,1,35
1765,11,1,28
1765,6,2,18
1766,21,1,75
1767,3,2,15
1768,7,1,25
1768,4,1,35
1768,3,2,15
1769,22,1,35
1770,11,1,28
1770,6,2,18
1770,1,1,12
1771,4,2,35
1771,2,1,20
1772,8,1,20
1772,5,2,65
1773,12,1,15
1773,2,3,20
1773,25,2,55
1773,1,3,12
1774,10,1,22
1774,5,1,65
1774,6,1,18
1775,5,1,65
1775,8,2,20
1776,9,3,30
1776,3,1,15
1776,1,1,12
1777,26,1,95
1778,2,1,20
1778,9,1,30
1778,6,1,18
1779,21,1,75
1779,26,1,95
1779,17,1,35
1780,8,1,20
1780,13,2,185
1781,15,1,60
1781,12,1,15
1781,14,2,55
1782,25,1,55
1782,19,1,45
1782,22,2,35
1783,23,1,30
1783,5,1,65
1783,24,1,89
1784,12,2,15
1784,21,2,75
1785,1,1,12
1786,23,2,30
1786,13,1,185
1787,19,1,45
1787,12,1,15
1787,16,1,40
1787,22,1,35
1787,6,1,18
1788,19,1,45
1789,6,1,18
1789,10,2,22
1789,21,3,75
1790,25,3,55
1791,1,1,12
1791,12,2,15
1792,18,1,28
1793,27,1,49
1793,17,1,35
1793,19,1,45
1793,5,2,65
1794,23,1,30
1795,9,1,30
1795,1,1,12
1796,26,1,95
1796,21,3,75
1797,1,1,12
1797,12,1,15
1797,3,1,15
1797,15,1,60
1798,19,2,45
1799,14,3,55
1799,13,1,185
1800,25,3,55
1800,23,1,30
1801,21,1,75
1801,25,1,55
1802,10,1,22
1802,4,2,35
1802,3,1,15
1803,16,2,40
1803,14,1,55
1803,17,1,35
1804,4,1,35
1805,8,2,20
1806,1,1,12
1806,10,1,22
1806,8,1,20
1807,26,2,95
1807,2,1,20
1808,1,1,12
1808,2,1,20
1808,9,1,30
1809,6,1,18
1809,11,1,28
1809,20,1,120
1810,5,2,65
1810,12,1,15
1811,14,1,55
1811,8,1,20
1811,18,1,28
1812,25,3,55
1813,6,1,18
1813,12,1,15
1814,20,2,120
1814,27,1,49
1815,18,1,28
1815,13,1,185
1816,16,3,40
1816,18,1,28
1817,12,1,15
1818,12,2,15
1818,4,1,35
1818,9,1,30
1818,3,1,15
1819,8,1,20
1819,3,1,15
1820,19,1,45
1821,19,1,45
1822,13,1,185
1822,4,1,35
1822,17,2,35
1822,28,3,39
1823,6,1,18
1823,8,2,20
1823,9,1,30
1823,7,1,25
1823,11,2,28
1824,3,1,15
1824,6,1,18
1824,8,1,20
1825,15,2,60
1825,18,1,28
1826,1,1,12
1826,28,2,39
1826,18,3,28
1826,14,1,55
1827,17,1,35
1828,22,2,35
1829,22,1,35
1830,4,2,35
1830,20,2,120
1831,28,1,39
1832,3,1,15
1833,10,1,22
1834,25,2,55
1835,2,2,20
1836,14,2,55
1836,16,3,40
1836,15,1,60
1837,2,3,20
1838,28,1,39
1838,2,1,20
1838,26,1,95
1839,24,1,89
1839,23,1,30
1840,23,1,30
1840,27,1,49
1840,28,1,39
1840,25,1,55
1840,22,1,35
1841,22,1,35
1841,24,3,89
1842,1,1,12
1842,22,1,35
1843,26,1,95
1843,3,1,15
1843,20,3,120
1844,2,3,20
1845,12,1,15
1845,2,1,20
1846,18,2,28
1846,25,1,55
1846,13,1,185
1847,15,1,60
1847,25,1,55
1848,27,1,49
1848,6,1,18
1848,4,1,35
1848,23,1,30
1849,24,1,89
1850,20,2,120
1850,26,1,95
1850,28,1,39
1850,25,1,55
1851,8,1,20
1851,1,2,12
1852,10,1,22
1853,20,2,120
1853,25,1,55
1853,27,1,49
1853,24,1,89
1854,3,1,15
1854,1,2,12
1855,3,3,15
1855,12,1,15
1856,8,1,20
1856,16,1,40
1857,17,1,35
1857,16,1,40
1857,18,1,28
1857,14,1,55
1858,5,1,65
1858,6,2,18
1859,23,1,30
1859,28,1,39
1860,27,1,49
1861,12,1,15
1861,3,1,15
1861,1,1,12
1862,3,2,15
1862,14,2,55
1862,10,1,22
1862,12,1,15
1863,8,1,20
1863,10,3,22
1864,20,1,120
1864,19,1,45
1865,26,2,95
1866,1,1,12
1867,6,1,18
1868,12,1,15
1869,4,1,35
1870,2,1,20
1870,11,1,28
1871,1,3,12
1872,5,1,65
1872,12,1,15
1873,6,1,18
1874,26,1,95
1874,4,2,35
1874,23,2,30
1875,13,2,185
1875,18,3,28
1876,14,2,55
1877,25,1,55
1877,23,2,30
1878,12,2,15
1878,25,2,55
1878,26,1,95
1879,14,3,55
1880,5,3,65
1880,22,1,35
1880,8,1,20
1880,2,2,20
1880,14,2,55
1881,19,1,45
1881,27,3,49
1882,17,1,35
1882,16,1,40
1883,10,2,22
1883,17,1,35
1883,7,1,25
1883,4,1,35
1883,28,3,39
1884,4,1,35
1884,15,1,60
1885,15,1,60
1885,4,1,35
1885,17,1,35
1886,3,2,15
1887,12,2,15
1888,28,1,39
1888,21,1,75
1889,15,1,60
1889,17,1,35
1890,10,2,22
1890,3,2,15
1891,11,1,28
1892,8,1,20
1892,3,2,15
1892,2,1,20
1892,6,1,18
1892,10,2,22
1893,4,1,35
1893,28,1,39
1894,7,2,25
1894,2,1,20
1895,12,2,15
1896,15,1,60
1896,17,1,35
1896,16,1,40
1896,12,2,15
1897,8,3,20
1898,27,2,49
1899,5,1,65
1900,1,2,12
1900,10,1,22
1900,9,1,30
1901,1,1,12
1901,6,3,18
1901,11,1,28
1901,8,1,20
1902,7,2,25
1902,3,1,15
1903,27,1,49
1904,8,1,20
1905,3,1,15
1905,21,3,75
1905,12,1,15
1905,7,1,25
1906,8,2,20
1907,21,1,75
1908,4,1,35
1908,23,1,30
1909,3,1,15
1910,18,2,28
1911,6,1,18
1912,24,3,89
1913,21,1,75
1914,10,2,22
1914,4,1,35
1915,12,1,15
1916,1,1,12
1916,14,1,55
1917,11,1,28
1918,5,2,65
1918,8,2,20
1919,23,2,30
1920,18,1,28
1920,11,2,28
1921,6,1,18
1922,13,1,185
1923,5,2,65
1924,14,1,55
1924,15,1,60
1924,4,1,35
1924,17,1,35
1925,23,1,30
1925,25,2,55
1926,12,2,15
1927,4,2,35
1927,9,3,30
1927,10,1,22
1928,28,2,39
1928,23,1,30
1928,21,1,75
1928,20,1,120
1928,6,1,18
1929,15,1,60
1930,25,2,55
1931,7,1,25
1931,4,1,35
1931,5,1,65
1932,16,1,40
1932,15,1,60
1932,18,1,28
1932,17,2,35
1933,19,2,45
1933,25,2,55
1934,13,1,185
1935,2,1,20
1935,8,1,20
1936,22,1,35
1936,21,2,75
1936,26,1,95
1936,12,1,15
1936,27,1,49
1937,3,2,15
1937,8,1,20
1937,13,2,185
1937,7,1,25
1938,24,1,89
1938,14,1,55
1938,22,1,35
1939,5,1,65
1939,1,1,12
1939,4,1,35
1940,23,1,30
1940,7,1,25
1941,1,2,12
1941,10,2,22
1941,22,1,35
1942,7,1,25
1942,5,1,65
1942,2,1,20
1942,22,2,35
1943,12,1,15
1943,15,2,60
1943,2,1,20
1944,28,2,39
1944,10,1,22
1944,23,1,30
1944,19,1,45
1944,22,1,35
1945,7,1,25
1946,3,1,15
1947,11,1,28
1947,14,2,55
1948,26,1,95
1949,6,1,18
1949,11,1,28
1950,11,3,28
1950,17,3,35
1950,3,1,15
1950,26,1,95
1950,1,1,12
1951,1,1,12
1951,9,1,30
1951,12,1,15
1951,3,1,15
1951,20,2,120
1952,15,1,60
1952,16,2,40
1953,16,1,40
1954,27,2,49
1954,22,2,35
1955,3,3,15
1955,9,3,30
1955,1,2,12
1955,23,2,30
1956,21,1,75
1956,1,1,12
1956,25,1,55
1956,12,1,15
1957,6,1,18
1957,9,1,30
1957,12,3,15
1957,2,1,20
1957,18,2,28
1958,4,2,35
1958,7,2,25
1958,8,1,20
1958,10,2,22
1958,3,1,15
1959,20,1,120
1960,23,1,30
1960,2,1,20
1960,27,1,49
1961,11,1,28
1961,20,2,120
1962,15,1,60
1962,14,1,55
1962,17,2,35
1962,13,1,185
1963,3,1,15
1963,1,1,12
1964,5,1,65
1964,7,3,25
1964,11,1,28
1965,21,1,75
1965,28,1,39
1966,27,1,49
1967,16,1,40
1967,13,1,185
1968,1,1,12
1968,10,1,22
1968,11,1,28
1968,8,1,20
1968,7,2,25
1969,24,2,89
1970,3,1,15
1970,10,3,22
1971,1,1,12
1971,8,2,20
1971,21,3,75
1972,8,1,20
1972,22,1,35
1973,4,1,35
1974,26,1,95
1975,22,3,35
1975,1,1,12
1976,9,3,30
1976,3,1,15
1976,1,3,12
1976,5,1,65
1977,10,1,22
1977,7,1,25
1978,10,1,22
1978,28,1,39
1979,25,3,55
1979,6,1,18
1979,19,1,45
1979,11,1,28
1979,28,2,39
1980,1,2,12
1980,11,3,28
1981,5,1,65
1981,20,3,120
1981,8,1,20
1981,9,1,30
1981,14,1,55
1982,7,1,25
1982,4,1,35
1983,12,1,15
1983,3,1,15
1983,6,1,18
1984,20,1,120
1984,11,1,28
1984,16,2,40
1985,1,1,12
1985,24,2,89
1985,11,1,28
1986,22,1,35
1986,12,1,15
1986,6,2,18
1986,24,1,89
1986,27,1,49
1987,6,3,18
1987,21,1,75
1988,6,2,18
1989,8,1,20
1989,3,1,15
1990,6,1,18
1990,19,1,45
1990,11,1,28
1991,19,1,45
1991,18,1,28
1991,2,1,20
1991,26,2,95
1992,25,1,55
1993,2,1,20
1993,8,1,20
1994,5,1,65
1994,12,1,15
1994,11,1,28
1995,27,3,49
1995,8,1,20
1995,18,2,28
1996,1,1,12
1996,25,1,55
1997,1,1,12
1998,14,1,55
1999,19,2,45
2000,3,1,15
2000,26,1,95
2000,9,1,30
2000,11,2,28
2000,10,1,22
2001,26,1,95
2001,8,1,20
2001,28,3,39
2001,19,2,45
2002,1,1,12
2002,9,2,30
2002,10,1,22
2002,18,1,28
2003,10,1,22
2003,3,3,15
2004,3,1,15
2004,12,2,15
2004,11,2,28
2005,18,1,28
2005,14,3,55
2006,26,1,95
2006,7,3,25
2007,8,1,20
2008,19,2,45
2009,27,1,49
2009,20,2,120
2010,4,1,35
2010,11,2,28
2010,9,1,30
2011,18,1,28
2012,2,2,20
2012,8,1,20
2013,15,1,60
2013,18,1,28
2014,15,1,60
2014,13,1,185
2015,2,1,20
2015,7,2,25
2016,20,1,120
2017,1,2,12
2018,27,2,49
2018,23,1,30
2018,19,1,45
2019,4,3,35
2020,14,3,55
2020,16,1,40
2021,22,2,35
2021,27,2,49
2021,24,2,89
2021,18,2,28
2021,1,1,12
2022,24,1,89
2022,16,3,40
2023,4,1,35
2023,9,1,30
2024,20,1,120
2024,28,1,39
2025,10,1,22
2026,21,1,75
2026,28,1,39
2027,17,1,35
2027,15,2,60
2027,12,1,15
2028,3,1,15
2028,6,1,18
2029,21,1,75
2029,28,1,39
2030,5,1,65
2030,6,2,18
2030,8,1,20
2030,3,1,15
2031,18,1,28
2031,15,2,60
2031,6,2,18
2031,26,1,95
2032,23,3,30
2032,22,1,35
2032,24,1,89
2033,17,1,35
2033,25,1,55
2033,18,2,28
2033,16,1,40
2033,23,1,30
2034,20,1,120
2034,22,1,35
2034,7,1,25
2034,24,1,89
2035,8,1,20
2035,2,1,20
2035,4,3,35
2035,10,1,22
2036,4,1,35
2036,1,1,12
2037,9,1,30
2037,5,1,65
2037,1,1,12
2037,2,1,20
2038,17,1,35
2039,17,1,35
2040,28,2,39
2040,20,1,120
2041,23,1,30
2041,17,1,35
2042,20,1,120
2043,11,1,28
2044,11,2,28
2044,1,3,12
2044,6,1,18
2044,4,1,35
2044,25,3,55
2045,9,1,30
2045,6,1,18
2045,3,2,15
2046,12,1,15
2046,28,1,39
2046,5,1,65
2047,22,1,35
2048,3,1,15
2048,9,1,30
2048,12,3,15
2049,18,1,28
2049,10,1,22
2050,19,2,45
2050,24,1,89
2051,21,1,75
2052,24,2,89
2052,3,1,15
2053,17,1,35
2054,11,1,28
2055,3,1,15
2055,9,1,30
2056,3,1,15
2056,10,1,22
2057,23,3,30
2057,1,2,12
2057,22,1,35
2057,28,3,39
2057,27,2,49
2058,12,1,15
2058,3,1,15
2059,1,1,12
2059,12,1,15
2059,7,1,25
2059,2,1,20
2060,11,1,28
2060,2,2,20
2061,14,1,55
2061,10,1,22
2062,1,1,12
2062,12,1,15
2062,7,2,25
2062,10,1,22
2062,17,1,35
2063,4,1,35
2063,5,1,65
2063,23,1,30
2064,2,1,20
2064,19,1,45
2064,10,1,22
2064,12,1,15
2065,16,1,40
2065,15,2,60
2065,18,1,28
2066,10,1,22
2066,4,1,35
2067,4,1,35
2068,23,2,30
2068,27,3,49
2069,18,2,28
2069,17,1,35
2069,23,2,30
2070,6,1,18
2070,8,1,20
2070,12,2,15
2071,20,1,120
2071,6,3,18
2072,4,1,35
2073,16,1,40
2073,18,1,28
2074,28,1,39
2075,15,1,60
2075,13,1,185
2076,2,1,20
2077,22,1,35
2077,4,1,35
2077,27,2,49
2078,27,2,49
2078,19,1,45
2079,25,1,55
2079,19,1,45
2080,1,1,12
2081,25,1,55
2081,19,1,45
2081,20,1,120
2081,22,1,35
2082,2,2,20
2082,8,1,20
2082,1,1,12
2083,16,1,40
2084,3,3,15
2085,22,1,35
2086,13,2,185
2086,15,1,60
2086,1,1,12
2087,15,2,60
2087,25,1,55
2088,2,1,20
2088,27,1,49
2089,11,1,28
